Shooter_x_pos,Shooter_y_pos,Projectile_x_pos,Projectile_y_pos,Player_x_pos_current,Player_y_pos_current,Player_x_pos_initial,Player_y_pos_initial,Theta,Hit
180,80,136,406,39,379,102,401,97.61,0
180,80,138,406,41,379,100,401,97.23,0
180,80,139,406,43,378,98,401,97.06,0
180,80,142,399,45,378,96,400,96.69,0
180,80,144,400,47,378,94,400,96.32,0
180,80,146,400,49,377,92,400,95.97,0
180,80,148,400,51,377,90,400,95.61,0
180,80,150,400,53,377,88,399,95.24,0
180,80,150,400,55,376,86,399,95.24,0
180,80,152,400,56,376,84,399,94.89,0
180,80,152,400,58,376,82,399,94.89,0
180,80,150,400,60,375,80,399,95.24,0
180,80,148,400,62,375,78,398,95.59,0
180,80,146,400,64,374,76,398,95.94,0
180,80,144,400,66,374,74,398,96.3,0
180,80,142,399,68,374,72,398,96.65,0
180,80,140,399,70,373,70,397,97.0,0
180,80,138,399,72,373,68,397,97.34,0
180,80,138,399,74,373,66,397,97.34,0
180,80,136,399,76,372,64,397,97.71,0
180,80,134,398,78,372,62,396,98.06,0
180,80,132,398,80,372,60,396,98.4,0
180,80,131,398,82,371,58,396,98.75,0
180,80,128,397,84,371,56,396,99.12,0
180,80,127,397,88,370,54,395,99.46,0
180,80,125,397,90,370,52,395,99.81,0
180,80,123,396,92,370,50,395,100.15,0
180,80,109,387,92,370,36,389,102.94,1
180,80,109,379,92,370,34,388,103.32,1
180,80,108,372,92,370,32,387,103.66,1
180,80,108,365,92,370,30,386,103.99,1
180,80,108,358,92,370,28,386,104.33,1
180,80,123,396,94,369,48,395,100.15,0
180,80,107,357,94,369,27,385,104.71,1
180,80,121,396,96,369,48,395,100.52,0
180,80,105,357,96,369,25,384,105.04,1
180,80,117,395,98,368,47,394,101.21,0
180,80,103,356,98,368,23,383,105.38,1
180,80,117,395,100,368,45,393,101.21,0
180,80,102,356,100,368,21,382,105.71,1
180,80,115,395,102,368,43,392,101.55,0
180,80,100,355,102,368,21,382,106.09,1
180,80,113,395,104,367,41,391,101.92,0
180,80,98,355,104,367,23,382,106.42,1
180,80,111,394,106,367,39,390,102.26,0
180,80,97,354,106,367,25,382,106.75,1
180,80,109,394,108,367,37,390,102.6,0
180,80,95,354,108,367,27,381,107.08,1
180,80,81,386,137,361,29,381,107.78,0
180,80,79,386,141,361,31,380,108.11,0
180,80,78,385,143,360,33,380,108.43,0
180,80,76,384,145,360,35,380,108.76,0
180,80,74,384,147,360,37,379,109.14,0
180,80,71,383,149,359,39,379,109.78,0
180,80,69,382,151,359,41,379,110.1,0
180,80,67,381,153,359,43,378,110.48,0
180,80,65,381,155,358,45,378,110.79,0
180,80,64,380,159,358,47,378,111.11,0
180,80,57,385,161,357,49,377,111.8,0
180,80,56,384,163,357,51,377,112.11,0
180,80,54,384,165,357,53,377,112.43,0
180,80,52,383,167,356,55,376,112.74,0
180,80,52,383,169,356,56,376,112.74,0
180,80,49,382,171,355,58,376,113.33,0
180,80,47,381,175,355,60,375,113.71,0
180,80,45,380,177,354,62,375,114.08,0
180,80,43,379,179,354,64,374,114.46,0
180,80,42,378,181,354,66,374,114.76,0
180,80,41,378,182,353,68,374,114.99,0
180,80,37,376,184,353,70,373,115.74,0
180,80,32,381,184,353,72,373,116.11,0
180,80,30,380,186,353,74,373,116.42,0
180,80,29,380,186,353,76,372,116.64,0
180,80,23,377,186,353,80,372,117.77,0
180,80,27,379,188,352,78,372,117.02,0
180,80,23,377,188,352,82,371,117.77,0
180,80,25,378,192,352,84,371,117.47,0
180,80,26,378,194,351,86,371,117.17,0
180,80,30,373,196,351,88,370,116.94,0
180,80,32,374,198,351,90,370,116.64,0
180,80,35,375,202,350,92,370,116.1,0
180,80,36,376,206,349,94,369,115.8,0
180,80,38,376,208,349,96,369,115.56,0
180,80,42,371,210,349,98,368,115.25,0
180,80,44,371,212,348,100,368,114.93,0
180,80,45,372,214,348,102,368,114.69,0
180,80,48,374,216,348,104,367,114.05,0
180,80,50,374,218,347,106,367,113.8,0
180,80,51,375,220,347,108,367,113.48,0
180,80,53,376,220,347,110,366,113.15,0
180,80,57,370,222,347,112,366,112.89,0
180,80,58,370,224,347,114,366,112.73,0
180,80,61,371,226,346,116,365,112.14,0
180,80,63,372,228,346,118,365,111.8,0
180,80,64,373,230,346,119,365,111.53,0
180,80,66,373,232,345,121,364,111.19,0
180,80,67,374,232,345,123,364,110.85,0
180,80,71,368,234,345,125,364,110.58,0
180,80,73,369,236,345,127,363,110.23,0
180,80,75,369,238,344,129,363,109.89,0
180,80,76,370,240,344,131,363,109.6,0
180,80,80,371,242,344,133,362,108.9,0
180,80,81,371,244,343,135,362,108.61,0
180,80,83,372,246,343,137,361,108.26,0
180,80,87,366,246,343,139,361,107.9,0
180,80,88,366,248,343,141,361,107.6,0
180,80,90,367,250,342,143,360,107.24,0
180,80,92,368,252,342,145,360,106.88,0
180,80,94,368,254,342,147,360,106.57,0
180,80,97,369,256,342,149,359,105.89,0
180,80,99,370,257,341,151,359,105.52,0
180,80,101,370,259,341,153,359,105.15,0
180,80,104,364,261,341,155,358,104.83,0
180,80,106,364,261,341,157,358,104.46,0
180,80,108,365,263,340,159,358,104.08,0
180,80,110,365,265,340,161,357,103.75,0
180,80,112,366,267,340,163,357,103.37,0
180,80,113,366,269,339,165,357,102.99,0
180,80,115,366,271,339,167,356,102.66,0
180,80,117,367,273,339,169,356,102.27,0
180,80,118,367,275,338,171,355,102.08,0
180,80,120,367,277,338,173,355,101.74,0
180,80,123,361,279,338,175,355,101.35,0
180,80,127,362,281,337,177,354,100.61,0
180,80,129,362,283,337,179,354,100.22,0
180,80,131,362,285,337,181,354,99.82,0
180,80,132,363,287,336,182,353,99.46,0
180,80,134,363,287,336,184,353,99.07,0
180,80,136,363,289,336,186,353,98.7,0
180,80,138,363,291,336,188,352,98.3,0
180,80,140,364,293,336,190,352,97.9,0
180,80,142,364,295,335,192,352,97.53,0
180,80,144,364,297,335,194,351,97.13,0
180,80,147,358,299,335,194,351,96.72,0
180,80,149,358,301,334,196,351,96.34,0
180,80,151,358,303,334,198,351,95.93,0
180,80,153,358,305,334,200,350,95.53,0
180,80,154,358,307,333,202,350,95.14,0
180,80,156,359,309,333,204,350,94.73,0
180,80,158,359,311,333,206,349,94.32,0
180,80,160,359,313,332,208,349,93.92,0
180,80,162,359,315,332,210,349,93.51,0
180,80,164,359,317,332,212,348,93.1,0
180,80,166,359,319,331,214,348,92.7,0
180,80,168,359,321,331,216,348,92.28,0
180,80,170,359,323,331,218,347,91.87,0
180,80,172,359,325,331,220,347,91.46,0
180,80,174,359,327,330,222,347,91.04,0
180,80,176,359,329,330,224,347,90.63,0
180,80,178,359,331,330,226,346,90.21,0
180,80,181,359,333,329,228,346,89.79,0
180,80,182,352,335,329,230,346,89.58,0
180,80,184,352,337,329,232,345,89.16,0
180,80,186,352,338,328,234,345,88.74,0
180,80,188,352,340,328,236,345,88.32,0
180,80,190,352,342,328,238,344,87.89,0
180,80,192,352,344,327,240,344,87.47,0
180,80,192,352,346,327,242,344,87.47,0
180,80,194,352,348,327,244,343,87.04,0
180,80,194,352,347,327,246,343,87.04,0
180,80,196,352,347,328,248,343,86.62,0
180,80,198,352,345,328,250,342,86.2,0
180,80,200,352,343,329,252,342,85.76,0
180,80,202,352,341,330,254,342,85.34,0
180,80,204,351,339,331,256,342,84.92,0
180,80,206,351,337,332,257,341,84.48,0
180,80,208,351,336,333,259,341,84.06,0
180,80,210,351,334,333,261,341,83.64,0
180,80,212,351,332,334,263,340,83.19,0
180,80,214,350,330,335,265,340,82.77,0
180,80,214,350,328,336,267,340,82.77,0
180,80,216,350,327,337,269,339,82.35,0
180,80,218,350,325,338,271,339,81.9,0
180,80,220,349,323,338,273,339,81.48,0
180,80,222,349,321,339,275,338,81.06,0
180,80,224,349,319,340,277,338,80.64,0
180,80,226,349,316,342,279,338,80.19,0
180,80,229,355,314,342,281,337,79.77,0
180,80,231,355,312,343,283,337,79.35,0
180,80,233,354,310,344,285,337,78.9,0
180,80,233,354,308,345,287,336,78.9,0
180,80,235,354,306,346,289,336,78.48,0
180,80,239,360,305,347,291,336,78.07,0
180,80,241,360,303,347,293,336,77.61,0
180,80,243,359,301,348,295,335,77.2,0
180,80,245,359,299,349,297,335,76.78,0
180,80,247,358,297,350,299,335,76.32,0
180,80,251,365,296,351,301,334,75.91,0
180,80,251,365,294,352,303,334,75.91,0
180,80,253,364,290,353,305,334,75.5,0
180,80,275,365,290,353,329,330,71.5,1
180,80,275,358,290,353,331,330,71.04,1
180,80,275,350,290,353,333,329,70.64,1
180,80,274,343,290,353,335,329,70.25,1
180,80,255,364,288,354,307,333,75.04,0
180,80,276,342,288,354,337,329,69.79,1
180,80,257,363,286,355,309,333,74.63,0
180,80,278,342,286,355,338,328,69.4,1
180,80,261,369,285,356,311,333,74.23,0
180,80,278,342,285,356,340,328,69.4,1
180,80,263,369,283,357,313,332,73.82,0
180,80,280,341,283,357,342,328,69.01,1
180,80,263,369,281,357,315,332,73.82,0
180,80,265,368,279,358,317,332,73.56,0
180,80,284,347,279,358,344,327,68.55,1
180,80,267,368,277,359,319,331,73.16,0
180,80,286,346,277,359,346,327,68.16,1
180,80,271,374,276,360,321,331,72.76,0
180,80,288,345,276,360,348,327,67.78,1
180,80,273,373,274,361,323,331,72.3,0
180,80,275,372,270,362,325,331,71.9,0
180,80,275,372,268,363,327,330,71.9,0
180,80,309,390,246,369,347,327,67.32,0
180,80,311,389,244,368,347,328,66.94,0
180,80,313,388,242,367,345,328,66.56,0
180,80,318,393,239,366,343,329,66.18,0
180,80,320,392,237,365,341,330,65.73,0
180,80,323,391,235,365,339,331,65.35,0
180,80,325,390,233,364,337,332,64.98,0
180,80,327,389,231,363,336,333,64.53,0
180,80,329,388,229,363,334,333,64.16,0
180,80,337,392,229,363,332,334,63.34,0
180,80,339,391,229,363,330,335,62.98,0
180,80,340,390,229,363,328,336,62.63,0
180,80,343,389,229,363,327,337,62.18,0
180,80,345,388,227,362,325,338,61.82,0
180,80,347,387,227,362,323,338,61.47,0
180,80,349,386,227,362,321,339,61.02,0
180,80,351,385,225,361,319,340,60.67,0
180,80,353,384,225,361,317,341,60.33,0
180,80,355,383,224,361,316,342,59.99,0
180,80,357,381,224,361,314,342,59.54,0
180,80,357,373,224,361,312,343,58.87,0
180,80,359,372,222,360,310,344,58.43,0
180,80,357,365,222,360,308,345,58.1,0
180,80,359,364,220,359,306,346,57.77,0
180,80,356,357,220,359,305,347,57.5,0
180,80,358,356,218,359,303,347,57.17,0
180,80,356,349,218,359,301,348,56.85,0
180,80,358,348,216,358,299,349,56.42,0
180,80,359,347,214,357,297,350,56.1,0
180,80,357,340,214,357,296,351,55.78,0
180,80,356,340,212,357,294,352,55.94,0
180,80,359,347,208,355,292,352,56.04,0
180,80,358,348,207,355,290,353,56.36,0
180,80,356,349,205,354,288,354,56.79,0
180,80,358,356,201,353,286,355,57.22,0
180,80,356,357,199,352,285,356,57.65,0
180,80,357,365,195,351,283,357,58.08,0
180,80,356,365,193,350,281,357,58.34,0
180,80,358,372,191,349,279,358,58.67,0
180,80,352,368,193,349,277,359,59.1,0
180,80,350,369,195,350,276,360,59.53,0
180,80,348,370,192,351,274,361,59.97,0
180,80,346,371,190,351,272,361,60.23,0
180,80,344,372,186,352,270,362,60.66,0
180,80,342,373,184,353,268,363,61.0,0
180,80,340,375,180,354,266,364,61.44,0
180,80,335,370,176,355,265,365,61.87,0
180,80,332,371,172,356,263,366,62.3,0
180,80,329,372,169,357,261,366,62.91,0
180,80,329,372,167,358,259,367,62.91,0
180,80,327,374,163,359,257,368,63.35,0
180,80,325,375,161,360,255,369,63.78,0
180,80,323,376,157,361,254,370,64.22,0
180,80,320,377,157,361,252,371,64.65,0
180,80,319,377,158,359,252,371,64.91,0
180,80,315,379,158,357,250,370,65.7,0
180,80,313,380,159,355,248,369,66.14,0
180,80,310,381,159,355,246,369,66.57,0
180,80,306,376,159,353,244,368,66.83,0
180,80,307,383,160,351,242,367,67.26,0
180,80,305,384,161,349,241,367,67.62,0
180,80,298,379,161,347,239,366,68.49,0
180,80,295,380,162,346,237,365,68.92,0
180,80,294,380,162,346,235,365,69.17,0
180,80,292,381,162,344,233,364,69.6,0
180,80,290,382,163,342,231,363,69.97,0
180,80,288,383,163,340,229,363,70.4,0
180,80,284,384,164,338,227,362,71.08,0
180,80,279,378,165,336,225,361,71.5,0
180,80,278,379,165,334,224,361,71.87,0
180,80,275,380,165,334,222,360,72.3,0
180,80,271,374,166,332,220,359,72.73,0
180,80,269,374,166,330,218,359,73.15,0
180,80,265,375,167,328,216,358,73.82,0
180,80,262,369,167,326,214,357,74.19,0
180,80,259,370,168,325,212,357,74.61,0
180,80,257,370,169,323,210,356,75.03,0
180,80,255,371,169,321,208,355,75.45,0
180,80,252,364,169,321,207,355,75.69,0
180,80,250,365,170,319,205,354,76.1,0
180,80,248,365,170,317,203,353,76.43,0
180,80,245,359,171,315,201,353,76.76,0
180,80,243,359,171,313,199,352,77.14,0
180,80,242,360,172,311,197,351,77.47,0
180,80,240,360,172,311,195,351,77.81,0
180,80,238,353,170,311,193,350,78.0,0
180,80,236,354,168,310,191,349,78.34,0
180,80,234,354,166,310,191,349,78.69,0
180,80,233,354,164,310,193,349,79.08,0
180,80,230,348,162,309,195,350,79.43,0
180,80,228,348,160,309,195,350,79.78,0
180,80,226,349,158,309,193,350,80.18,0
180,80,224,349,156,308,192,351,80.54,0
180,80,222,342,156,308,190,351,80.9,0
180,80,221,342,154,308,188,352,81.1,0
180,80,219,343,152,308,186,352,81.47,0
180,80,217,343,150,308,184,353,81.84,0
180,80,214,336,148,307,182,353,82.24,0
180,80,213,336,146,307,180,354,82.62,0
180,80,213,336,144,307,178,355,82.62,0
180,80,211,337,142,306,176,355,83.0,0
180,80,208,330,140,306,174,356,83.41,0
180,80,207,330,138,306,172,356,83.8,0
180,80,205,330,136,305,170,357,84.19,0
180,80,204,330,135,305,169,357,84.39,0
180,80,202,330,133,305,167,358,84.79,0
180,80,201,331,131,304,165,359,85.18,0
180,80,199,331,129,304,163,359,85.6,0
180,80,197,331,127,304,161,360,86.0,0
180,80,195,331,125,303,159,360,86.41,0
180,80,195,331,123,303,157,361,86.41,0
180,80,193,331,121,303,157,361,86.83,0
180,80,190,331,119,302,158,359,87.66,0
180,80,190,331,117,302,158,357,87.66,0
180,80,192,331,115,302,159,355,87.23,0
180,80,193,331,113,301,159,353,86.82,0
180,80,192,331,111,301,160,351,87.24,0
180,80,191,331,109,301,161,349,87.46,0
180,80,189,331,107,300,161,347,87.89,0
180,80,185,331,105,300,162,346,88.74,0
180,80,183,331,103,300,162,344,89.16,0
180,80,181,324,101,299,163,342,89.58,0
180,80,178,324,99,299,163,340,90.42,0
180,80,176,324,97,299,164,338,90.83,0
180,80,174,324,95,298,165,336,91.25,0
180,80,172,324,93,298,165,334,91.66,0
180,80,170,324,91,298,166,332,92.27,0
180,80,168,324,89,297,166,330,92.68,0
180,80,166,324,87,297,167,328,93.08,0
180,80,163,324,85,297,167,326,93.88,0
180,80,161,324,83,296,168,325,94.29,0
180,80,160,324,81,296,169,323,94.68,0
180,80,160,324,79,296,169,321,94.68,0
180,80,160,324,77,295,170,319,94.54,0
180,80,161,324,75,295,170,317,94.37,0
180,80,161,324,73,295,171,315,94.4,0
180,80,161,324,71,294,171,313,94.22,0
180,80,162,324,69,294,172,311,94.07,0
180,80,163,324,67,294,172,311,93.87,0
180,80,163,324,65,293,170,311,93.9,0
180,80,164,324,63,293,168,310,93.71,0
180,80,164,324,62,293,166,310,93.74,0
180,80,164,324,60,292,164,310,93.55,0
180,80,166,317,58,292,162,309,93.35,0
180,80,165,317,56,292,160,309,93.38,0
180,80,166,317,54,292,158,309,93.18,0
180,80,166,317,52,291,156,308,93.21,0
180,80,167,317,50,291,154,308,93.0,0
180,80,167,317,48,291,152,308,93.03,0
180,80,168,317,46,290,150,308,92.8,0
180,80,169,317,44,290,148,307,92.59,0
180,80,169,317,42,290,146,307,92.61,0
180,80,170,317,40,289,144,307,92.4,0
180,80,169,317,38,289,142,306,92.42,0
180,80,170,317,36,289,140,306,92.19,0
180,80,170,317,34,288,138,306,92.21,0
180,80,171,317,32,288,136,305,91.98,0
180,80,171,317,30,288,135,305,91.98,0
180,80,171,317,28,287,133,305,91.98,0
180,80,169,317,26,287,131,304,92.48,0
180,80,167,317,24,287,129,304,92.99,0
180,80,165,317,22,286,127,304,93.48,0
180,80,163,317,22,286,125,303,93.98,0
180,80,161,317,24,286,123,303,94.49,0
180,80,159,317,26,285,121,303,94.99,0
180,80,157,316,28,284,119,302,95.49,0
180,80,155,316,30,283,117,302,96.01,0
180,80,153,316,31,283,115,302,96.51,0
180,80,150,316,33,282,113,301,97.0,0
180,80,149,309,35,281,111,301,97.5,0
180,80,149,309,37,281,109,301,97.5,0
180,80,146,315,39,280,107,300,98.02,0
180,80,145,308,41,279,105,300,98.52,0
180,80,143,308,43,279,103,300,99.01,0
180,80,140,314,46,277,101,299,99.54,0
180,80,139,307,48,277,99,299,100.04,0
180,80,137,307,50,276,97,299,100.53,0
180,80,134,313,52,275,95,298,101.06,0
180,80,134,306,54,274,93,298,101.31,0
180,80,134,306,56,274,91,298,101.31,0
180,80,132,306,58,273,89,297,101.8,0
180,80,130,305,60,272,87,297,102.34,0
180,80,128,305,61,272,85,297,102.83,0
180,80,125,311,63,271,83,296,103.31,0
180,80,124,304,65,270,81,296,103.85,0
180,80,122,303,67,270,79,296,104.34,0
180,80,122,303,69,269,77,295,104.34,0
180,80,120,303,73,267,75,295,104.82,0
180,80,88,284,73,267,30,288,114.18,1
180,80,89,277,73,267,28,287,114.62,1
180,80,118,302,75,267,73,295,105.36,0
180,80,88,276,75,267,26,287,115.06,1
180,80,91,270,75,267,24,287,115.06,1
180,80,92,263,75,267,22,286,115.6,1
180,80,116,302,76,266,71,294,105.84,0
180,80,90,262,76,266,22,286,116.03,1
180,80,91,254,76,266,24,286,116.99,1
180,80,115,301,78,265,69,294,106.32,0
180,80,89,253,78,265,26,285,117.42,1
180,80,112,301,80,265,67,294,106.87,0
180,80,88,253,80,265,28,284,117.84,1
180,80,112,301,82,264,65,293,106.87,0
180,80,85,251,82,264,30,283,118.78,1
180,80,111,300,84,263,63,293,107.34,0
180,80,85,251,84,263,31,283,118.99,1
180,80,109,299,86,263,62,293,107.81,0
180,80,83,250,86,263,33,282,119.51,1
180,80,82,249,88,262,35,281,119.92,1
180,80,107,299,90,261,60,292,108.36,0
180,80,81,249,90,261,37,281,120.32,1
180,80,105,298,91,261,58,292,108.82,0
180,80,78,247,91,261,39,280,121.24,1
180,80,103,298,93,260,56,292,109.29,0
180,80,77,246,93,260,41,279,121.64,1
180,80,103,298,95,259,54,292,109.29,0
180,80,101,297,97,258,52,291,109.84,0
180,80,99,296,99,258,50,291,110.3,0
180,80,98,296,101,257,48,291,110.76,0
180,80,96,295,105,256,46,290,111.3,0
180,80,94,294,106,255,44,290,111.76,0
180,80,94,294,108,254,42,290,111.76,0
180,80,92,293,110,254,40,289,112.21,0
180,80,90,293,112,253,38,289,112.75,0
180,80,88,292,114,252,36,289,113.2,0
180,80,87,291,118,251,34,288,113.64,0
180,80,87,291,120,250,32,288,113.64,0
180,80,50,279,131,246,45,278,122.93,0
180,80,57,275,133,245,43,279,122.03,0
180,80,53,273,133,245,46,277,123.31,0
180,80,47,277,133,245,48,277,123.82,0
180,80,46,276,135,245,50,276,124.19,0
180,80,43,274,135,245,52,275,125.07,0
180,80,42,273,136,244,54,274,125.43,0
180,80,40,273,136,244,56,274,125.8,0
180,80,37,270,136,244,58,273,126.65,0
180,80,36,270,138,243,60,272,127.0,0
180,80,35,268,140,242,61,272,127.49,0
180,80,35,268,142,242,63,271,127.49,0
180,80,37,270,144,241,65,270,126.91,0
180,80,37,270,146,240,67,270,126.69,0
180,80,42,265,150,239,69,269,126.46,0
180,80,43,266,151,238,71,268,126.28,0
180,80,44,267,153,238,73,267,125.81,0
180,80,46,268,155,237,75,267,125.43,0
180,80,50,263,154,235,76,266,125.18,0
180,80,52,264,154,237,78,265,124.55,0
180,80,53,265,156,236,80,265,124.29,0
180,80,54,265,156,237,82,264,124.22,0
180,80,55,266,157,237,84,263,123.82,0
180,80,60,261,161,238,86,263,123.28,0
180,80,61,261,163,238,88,262,123.0,0
180,80,63,262,167,240,90,261,122.59,0
180,80,64,263,169,240,91,261,122.3,0
180,80,69,258,173,241,93,260,121.79,0
180,80,70,259,175,242,95,259,121.49,0
180,80,71,259,179,243,97,258,121.18,0
180,80,72,260,181,243,99,258,120.74,0
180,80,74,261,184,244,101,257,120.1,0
180,80,79,256,188,245,103,256,119.78,0
180,80,80,257,192,246,105,256,119.31,0
180,80,80,257,194,247,106,255,119.21,0
180,80,83,258,198,248,108,254,118.39,0
180,80,84,259,202,249,110,254,118.04,0
180,80,85,259,204,250,112,253,117.68,0
180,80,88,261,210,251,114,252,116.82,0
180,80,89,261,213,252,116,251,116.44,0
180,80,90,262,215,253,118,251,116.18,0
180,80,91,262,219,254,120,250,115.8,0
180,80,97,257,221,254,121,249,115.0,0
180,80,98,258,223,255,123,249,114.47,0
180,80,97,265,225,255,125,248,114.05,0
180,80,101,259,227,256,127,247,113.63,0
180,80,103,260,227,256,129,247,113.08,0
180,80,105,261,229,256,131,246,112.48,0
180,80,106,261,231,257,133,245,111.91,0
180,80,108,262,233,258,135,245,111.46,0
180,80,109,262,235,258,136,244,110.99,0
180,80,113,264,235,258,138,243,109.93,0
180,80,114,264,237,259,140,242,109.44,0
180,80,115,265,238,259,142,242,109.24,0
180,80,117,265,240,260,144,241,108.64,0
180,80,120,266,240,260,146,240,107.61,0
180,80,122,267,242,260,148,240,106.98,0
180,80,124,267,244,261,150,239,106.45,0
180,80,126,268,246,261,151,238,105.9,0
180,80,128,269,248,262,153,238,105.26,0
180,80,131,269,248,262,155,237,104.45,0
180,80,133,270,250,262,155,237,103.87,0
180,80,135,270,252,263,154,235,103.2,0
180,80,137,271,254,263,154,236,102.6,0
180,80,139,271,256,264,154,237,102.0,0
180,80,141,272,258,264,156,236,101.31,0
180,80,143,272,258,264,156,237,100.68,0
180,80,144,272,259,263,157,237,100.4,0
180,80,146,273,260,261,159,237,99.7,0
180,80,149,273,260,261,161,238,99.05,0
180,80,149,273,261,259,163,238,99.05,0
180,80,147,273,262,256,165,239,99.52,0
180,80,147,273,263,254,167,240,99.46,0
180,80,146,280,263,254,169,240,99.4,0
180,80,149,280,264,252,171,241,98.75,0
180,80,149,280,265,250,173,241,98.69,0
180,80,150,280,266,248,175,242,98.33,0
180,80,153,281,267,247,177,242,97.62,0
180,80,153,281,268,245,179,243,97.62,0
180,80,155,281,269,243,181,243,96.86,0
180,80,158,281,270,241,183,244,96.14,0
180,80,160,282,271,240,184,244,95.39,0
180,80,163,282,272,238,186,245,94.65,0
180,80,166,282,273,236,188,245,93.93,0
180,80,168,282,273,237,190,246,93.2,0
180,80,171,282,271,236,192,246,92.49,0
180,80,173,282,271,237,194,247,91.77,0
180,80,176,282,269,237,196,247,91.06,0
180,80,176,282,267,237,198,248,91.06,0
180,80,178,289,265,237,200,249,90.35,0
180,80,181,289,263,237,202,249,89.65,0
180,80,183,289,261,238,204,250,88.95,0
180,80,184,282,259,238,206,250,88.6,0
180,80,187,282,257,238,208,251,87.92,0
180,80,187,282,255,238,210,251,87.92,0
180,80,189,282,253,239,211,252,87.22,0
180,80,192,282,251,239,213,252,86.55,0
180,80,194,275,249,239,215,253,85.87,0
180,80,233,253,249,239,262,257,72.83,1
180,80,233,246,249,239,262,256,72.05,1
180,80,233,239,249,239,263,254,71.57,1
180,80,196,275,247,239,217,253,85.21,0
180,80,234,238,247,239,264,252,70.99,1
180,80,233,231,247,239,265,250,70.53,1
180,80,232,224,247,239,266,248,69.97,1
180,80,198,275,245,239,219,254,84.53,0
180,80,233,224,245,239,267,247,69.51,1
180,80,198,275,243,240,221,254,84.53,0
180,80,200,274,241,240,223,255,83.88,0
180,80,237,230,241,240,268,245,68.96,1
180,80,202,267,239,240,225,255,83.25,0
180,80,238,229,239,240,269,243,68.52,1
180,80,204,267,237,240,227,256,82.58,0
180,80,240,229,237,240,270,241,67.98,1
180,80,206,267,235,241,229,256,81.96,0
180,80,241,228,235,241,271,240,67.56,1
180,80,206,267,233,241,231,257,81.96,0
180,80,242,228,233,241,272,238,67.03,1
180,80,208,266,231,241,233,258,81.3,0
180,80,242,228,231,241,273,236,67.03,1
180,80,210,266,229,241,235,258,80.7,0
180,80,243,227,229,241,273,237,66.65,1
180,80,211,259,225,242,237,259,80.05,0
180,80,211,259,223,242,238,259,80.05,0
180,80,212,259,221,242,240,260,79.78,0
180,80,214,258,219,242,242,260,79.14,0
180,80,216,258,217,243,244,261,78.56,0
180,80,218,257,215,243,246,261,77.93,0
180,80,218,257,213,243,248,262,77.93,0
180,80,219,257,211,243,250,262,77.37,0
180,80,221,257,209,243,252,263,76.74,0
180,80,223,256,207,244,254,263,76.2,0
180,80,225,263,205,244,256,264,76.2,0
180,80,227,263,203,244,258,264,75.58,0
180,80,228,262,199,245,258,264,75.05,0
180,80,230,262,197,245,259,263,74.44,0
180,80,232,261,195,245,260,261,73.93,0
180,80,233,261,193,245,261,259,73.42,0
180,80,262,265,158,249,271,236,66.16,0
180,80,263,264,156,250,271,237,65.65,0
180,80,265,264,154,250,269,237,65.14,0
180,80,267,263,152,250,267,237,64.5,0
180,80,280,264,152,250,257,238,61.36,0
180,80,285,269,152,250,255,238,60.79,0
180,80,287,268,152,250,253,239,60.37,0
180,80,289,267,152,250,251,239,59.79,0
180,80,272,268,150,250,265,237,63.97,0
180,80,273,267,150,250,263,237,63.43,0
180,80,275,266,150,250,261,238,62.89,0
180,80,277,266,150,250,259,238,62.48,0
180,80,290,266,150,250,249,239,59.36,0
180,80,289,267,148,250,247,239,59.74,0
180,80,288,267,144,251,245,239,59.9,0
180,80,287,268,142,251,243,240,60.45,0
180,80,285,269,138,252,241,240,61.01,0
180,80,283,270,134,252,239,240,61.57,0
180,80,275,266,126,253,237,240,62.86,0
180,80,273,267,122,253,235,241,63.43,0
180,80,271,268,118,254,233,241,64.02,0
180,80,270,269,116,254,231,241,64.61,0
180,80,267,270,114,254,229,241,65.34,0
180,80,265,271,112,255,227,241,65.94,0
180,80,258,267,112,255,225,242,67.15,0
180,80,256,267,110,255,223,242,67.77,0
180,80,254,268,108,255,221,242,68.51,0
180,80,252,269,108,255,219,242,69.13,0
180,80,250,270,106,255,217,243,69.76,0
180,80,248,271,104,255,215,243,70.39,0
180,80,245,272,102,256,213,243,71.14,0
180,80,243,272,100,256,211,243,71.78,0
180,80,239,274,100,256,209,243,73.07,0
180,80,236,274,98,256,207,244,73.73,0
180,80,234,275,96,256,205,244,74.48,0
180,80,230,269,94,257,203,244,75.13,0
180,80,228,270,94,257,201,244,75.8,0
180,80,225,270,92,257,199,245,76.46,0
180,80,223,271,90,257,197,245,77.21,0
180,80,221,271,88,257,195,245,77.88,0
180,80,218,272,86,257,193,245,78.55,0
180,80,216,272,86,257,191,245,79.23,0
180,80,214,272,88,257,189,246,79.91,0
180,80,211,273,88,257,187,246,80.65,0
180,80,209,273,90,257,185,246,81.33,0
180,80,207,274,92,256,183,246,82.02,0
180,80,204,274,94,256,181,247,82.7,0
180,80,202,274,96,255,179,247,83.43,0
180,80,200,274,98,255,177,247,84.12,0
180,80,197,275,100,254,175,247,84.81,0
180,80,195,275,102,254,173,248,85.5,0
180,80,193,275,104,253,171,248,86.19,0
180,80,190,275,105,253,169,248,86.9,0
180,80,188,275,107,252,167,248,87.59,0
180,80,185,275,109,252,165,248,88.27,0
180,80,185,275,111,251,164,249,88.27,0
180,80,183,275,113,251,162,249,88.96,0
180,80,181,275,115,250,160,249,89.66,0
180,80,178,275,117,250,158,249,90.34,0
180,80,134,256,117,250,104,255,104.35,1
180,80,134,249,117,250,102,256,104.97,1
180,80,134,241,117,250,100,256,105.59,1
180,80,176,275,119,250,156,250,91.03,0
180,80,133,241,119,250,98,256,106.21,1
180,80,135,234,119,250,96,256,106.21,1
180,80,174,275,121,249,154,250,91.71,0
180,80,133,234,121,249,94,257,106.73,1
180,80,171,275,123,249,152,250,92.39,0
180,80,132,233,123,249,92,257,107.34,1
180,80,169,282,125,248,150,250,93.07,0
180,80,130,233,125,248,90,257,107.94,1
180,80,166,282,127,248,148,250,93.75,0
180,80,130,233,127,248,88,257,107.94,1
180,80,166,282,129,247,146,251,93.75,0
180,80,128,232,129,247,86,257,108.53,1
180,80,164,282,131,247,144,251,94.42,0
180,80,127,232,131,247,86,257,109.03,1
180,80,161,282,133,246,142,251,95.1,0
180,80,125,231,133,246,88,257,109.61,1
180,80,160,282,135,246,140,251,95.41,0
180,80,122,230,135,246,90,257,110.77,1
180,80,158,281,137,245,138,252,96.08,0
180,80,121,230,137,245,92,256,111.23,1
180,80,158,281,139,245,136,252,96.08,0
180,80,156,281,140,244,134,252,96.75,0
180,80,153,281,142,244,132,252,97.42,0
180,80,152,274,144,243,130,252,98.04,0
180,80,149,280,146,243,128,253,98.7,0
180,80,148,273,148,242,126,253,99.35,0
180,80,148,273,150,242,124,253,99.35,0
180,80,145,273,154,241,122,253,100.01,0
180,80,143,272,156,241,120,254,100.66,0
180,80,141,272,158,240,118,254,101.25,0
180,80,139,271,160,240,116,254,101.89,0
180,80,139,271,162,239,114,254,101.89,0
180,80,137,271,164,239,112,255,102.53,0
180,80,135,270,166,238,110,255,103.17,0
180,80,133,270,168,238,108,255,103.72,0
180,80,133,270,170,237,106,255,103.72,0
180,80,107,261,203,241,94,256,111.8,0
180,80,105,261,205,241,96,255,112.36,0
180,80,99,266,209,241,98,255,113.47,0
180,80,97,265,211,242,100,254,113.9,0
180,80,96,264,213,242,102,254,114.44,0
180,80,94,264,215,242,104,253,114.98,0
180,80,91,262,217,243,105,253,115.91,0
180,80,89,261,217,243,107,252,116.44,0
180,80,87,260,217,243,109,252,116.95,0
180,80,86,260,217,243,111,251,117.46,0
180,80,84,259,217,243,113,251,117.97,0
180,80,86,260,221,243,115,250,117.46,0
180,80,87,260,225,244,117,250,116.95,0
180,80,92,255,227,244,119,250,116.57,0
180,80,95,256,233,245,121,249,115.64,0
180,80,96,257,235,245,123,249,115.11,0
180,80,98,258,237,245,125,248,114.69,0
180,80,99,258,239,246,127,248,114.15,0
180,80,101,259,241,246,129,247,113.72,0
180,80,103,260,241,246,131,247,113.0,0
180,80,105,261,243,246,133,246,112.43,0
180,80,106,261,245,246,135,246,111.97,0
180,80,108,262,247,247,137,245,111.4,0
180,80,111,263,247,247,139,245,110.33,0
180,80,113,264,249,247,140,244,109.74,0
180,80,117,258,251,247,142,244,109.24,0
180,80,119,259,253,248,144,243,108.64,0
180,80,121,259,255,248,146,243,108.13,0
180,80,124,260,255,248,148,242,106.98,0
180,80,126,261,257,248,150,242,106.35,0
180,80,128,261,259,248,152,242,105.81,0
180,80,130,262,261,249,154,241,105.17,0
180,80,132,262,263,249,156,241,104.61,0
180,80,134,263,263,249,158,240,103.95,0
180,80,135,263,265,249,160,240,103.71,0
180,80,139,264,267,250,162,239,102.45,0
180,80,141,265,269,250,164,239,101.78,0
180,80,143,265,271,250,166,238,101.17,0
180,80,145,265,273,250,168,238,100.49,0
180,80,147,266,274,251,170,237,99.81,0
180,80,149,266,274,251,172,237,99.17,0
180,80,152,266,276,251,173,236,98.48,0
180,80,154,267,278,251,173,237,97.83,0
180,80,156,267,280,252,175,237,97.13,0
180,80,158,267,282,252,177,237,96.46,0
180,80,161,268,284,252,179,237,95.75,0
180,80,163,268,286,252,181,238,95.06,0
180,80,165,268,288,253,183,238,94.34,0
180,80,168,268,290,253,185,238,93.64,0
180,80,170,268,292,253,187,238,92.92,0
180,80,171,268,294,253,189,239,92.57,0
180,80,171,268,296,254,191,239,92.55,0
180,80,173,268,296,254,193,239,91.82,0
180,80,176,268,294,253,195,239,91.09,0
180,80,178,268,292,253,197,240,90.36,0
180,80,181,268,290,252,199,240,89.64,0
180,80,181,268,288,252,201,240,89.64,0
180,80,183,268,287,251,203,241,88.91,0
180,80,185,268,285,251,205,241,88.19,0
180,80,188,268,283,251,207,241,87.46,0
180,80,190,268,281,250,209,241,86.76,0
180,80,193,268,279,250,211,242,86.04,0
180,80,193,275,277,249,213,242,86.04,0
180,80,195,275,275,249,215,242,85.33,0
180,80,198,275,273,248,217,243,84.61,0
180,80,200,274,271,248,219,243,83.94,0
180,80,203,274,269,247,221,243,83.23,0
180,80,205,274,267,247,223,243,82.52,0
180,80,205,274,265,246,225,244,82.52,0
180,80,207,274,263,246,227,244,81.87,0
180,80,247,263,263,246,276,251,69.82,1
180,80,247,256,263,246,278,251,69.22,1
180,80,210,273,261,246,229,244,81.17,0
180,80,248,255,261,246,280,252,68.62,1
180,80,247,248,261,246,282,252,68.14,1
180,80,245,242,261,246,284,252,68.14,1
180,80,246,241,259,245,286,252,67.55,1
180,80,245,234,259,245,288,253,66.97,1
180,80,212,273,257,245,231,245,80.48,0
180,80,246,234,257,245,290,253,66.51,1
180,80,214,272,255,244,233,245,79.79,0
180,80,246,234,255,244,292,253,66.51,1
180,80,214,272,253,244,235,245,79.79,0
180,80,248,233,253,244,294,253,65.94,1
180,80,216,272,251,243,237,245,79.17,0
180,80,249,232,251,243,296,254,65.38,1
180,80,219,272,250,243,239,246,78.49,0
180,80,251,232,250,243,296,254,64.82,1
180,80,222,278,248,242,241,246,77.81,0
180,80,252,231,248,242,294,253,64.39,1
180,80,222,278,246,242,243,246,77.81,0
180,80,254,230,246,242,292,253,63.84,1
180,80,224,277,244,241,245,246,77.21,0
180,80,256,229,244,241,290,252,62.9,1
180,80,227,277,242,241,247,247,76.54,0
180,80,257,228,242,241,288,252,62.37,1
180,80,229,276,240,241,249,247,75.88,0
180,80,231,276,236,240,251,247,75.22,0
180,80,231,276,234,239,253,248,75.22,0
180,80,233,275,232,239,255,248,74.66,0
180,80,235,275,230,238,257,248,74.01,0
180,80,238,274,228,238,259,248,73.36,0
180,80,238,274,226,237,261,249,73.36,0
180,80,239,273,224,237,263,249,72.82,0
180,80,242,273,222,236,265,249,72.19,0
180,80,244,272,221,238,267,250,71.57,0
180,80,244,272,219,239,269,250,71.57,0
180,80,246,271,217,240,271,250,70.94,0
180,80,247,271,216,241,273,250,70.43,0
180,80,250,270,214,242,274,251,69.82,0
180,80,275,258,190,259,287,251,61.84,0
180,80,277,258,190,259,285,251,61.32,0
180,80,279,257,190,259,283,251,60.69,0
180,80,280,256,190,259,281,250,60.18,0
180,80,290,258,190,259,275,249,58.36,0
180,80,282,255,188,261,279,250,59.83,0
180,80,287,260,188,261,277,249,59.33,0
180,80,294,264,188,261,273,248,58.02,0
180,80,296,263,188,261,271,248,57.55,0
180,80,303,267,188,261,269,247,56.62,0
180,80,304,266,186,262,267,247,56.31,0
180,80,304,266,185,263,265,246,56.31,0
180,80,303,267,183,264,263,246,56.62,0
180,80,300,268,180,266,261,246,57.4,0
180,80,299,269,178,268,259,245,57.88,0
180,80,302,275,177,269,257,245,57.96,0
180,80,300,276,175,273,255,244,58.45,0
180,80,298,278,173,276,253,244,59.28,0
180,80,296,279,173,278,251,243,59.79,0
180,80,294,280,171,282,250,243,60.15,0
180,80,293,281,169,285,248,242,60.66,0
180,80,290,283,167,289,246,242,61.56,0
180,80,288,283,165,292,244,241,61.95,0
180,80,286,284,163,296,242,241,62.48,0
180,80,285,285,161,299,240,241,62.89,0
180,80,281,287,159,305,238,240,63.99,0
180,80,279,288,158,307,236,240,64.42,0
180,80,277,289,157,308,234,239,64.98,0
180,80,276,290,157,308,232,239,65.42,0
180,80,272,291,158,307,230,238,66.46,0
180,80,271,292,158,307,228,238,66.76,0
180,80,269,292,159,305,226,237,67.23,0
180,80,267,293,160,303,224,237,67.83,0
180,80,265,294,161,301,222,236,68.32,0
180,80,263,295,162,300,222,237,68.94,0
180,80,263,303,162,300,221,238,69.56,0
180,80,261,303,163,298,219,239,70.07,0
180,80,258,304,164,296,217,240,70.71,0
180,80,256,305,165,295,216,241,71.24,0
180,80,253,306,166,293,214,242,71.89,0
180,80,253,313,166,293,212,243,72.44,0
180,80,251,314,167,291,211,245,73.1,0
180,80,248,315,168,289,209,246,73.67,0
180,80,246,315,169,288,208,247,74.34,0
180,80,245,323,170,286,206,248,74.93,0
180,80,186,275,170,286,170,283,88.11,1
180,80,245,323,171,284,204,249,75.02,0
180,80,186,275,171,284,169,285,88.11,1
180,80,185,268,171,284,168,287,88.43,1
180,80,243,323,172,283,203,250,75.45,0
180,80,240,324,172,283,201,251,76.22,0
180,80,189,296,172,283,171,282,87.47,1
180,80,183,268,172,283,167,289,89.07,1
180,80,238,332,173,281,199,253,76.98,0
180,80,181,268,173,281,166,291,89.69,1
180,80,236,332,174,279,198,254,77.4,0
180,80,181,268,174,279,165,292,89.69,1
180,80,233,333,175,277,196,255,78.15,0
180,80,180,269,175,277,164,294,90.0,1
180,80,178,261,175,277,163,296,90.61,1
180,80,231,326,176,276,194,256,78.15,0
180,80,178,261,176,276,162,298,90.61,1
180,80,228,327,177,274,193,257,78.89,0
180,80,178,261,177,274,161,299,90.61,1
180,80,226,327,178,272,191,258,79.36,0
180,80,177,261,178,272,160,301,90.91,1
180,80,223,328,179,271,190,259,80.09,0
180,80,176,261,179,271,160,303,91.2,1
180,80,220,321,180,269,188,261,80.48,0
180,80,217,322,180,269,186,262,81.2,0
180,80,176,261,180,269,159,305,91.2,1
180,80,175,254,180,269,158,307,91.48,1
180,80,214,322,181,267,185,263,81.92,0
180,80,174,254,181,267,157,308,91.76,1
180,80,214,322,182,265,183,264,81.92,0
180,80,173,254,182,265,157,308,92.05,1
180,80,211,315,184,264,181,265,82.3,0
180,80,173,254,184,264,158,307,92.02,1
180,80,209,316,185,262,180,266,83.0,0
180,80,173,254,185,262,159,305,92.29,1
180,80,171,247,185,262,160,303,92.82,1
180,80,205,316,186,260,178,268,83.73,0
180,80,171,247,186,260,161,301,93.07,1
180,80,204,316,187,259,178,268,84.09,0
180,80,201,310,187,259,177,269,84.78,0
180,80,201,310,188,257,176,271,84.78,0
180,80,198,310,190,256,175,273,85.45,0
180,80,196,310,192,255,174,275,85.8,0
180,80,194,310,193,254,173,276,86.46,0
180,80,193,303,195,253,173,278,86.46,0
180,80,192,303,197,252,172,280,86.8,0
180,80,168,275,224,237,162,300,93.32,0
180,80,167,275,222,235,163,298,93.56,0
180,80,166,275,222,236,164,296,94.05,0
180,80,165,275,222,237,165,295,94.28,0
180,80,164,275,224,236,166,293,94.5,0
180,80,163,275,224,237,167,291,94.96,0
180,80,162,275,226,236,168,289,95.17,0
180,80,163,268,226,237,169,288,95.12,0
180,80,162,268,224,235,170,286,95.33,0
180,80,161,268,224,236,171,284,95.76,0
180,80,161,268,224,237,172,283,95.76,0
180,80,161,268,222,235,173,281,95.54,0
180,80,162,268,222,236,174,279,95.33,0
180,80,163,268,222,237,175,277,94.91,0
180,80,164,268,224,237,176,276,94.68,0
180,80,165,261,225,238,177,274,94.46,0
180,80,166,261,227,239,178,272,94.24,0
180,80,167,261,228,241,179,271,93.99,0
180,80,168,261,230,242,180,269,93.53,0
180,80,169,261,231,243,181,267,93.29,0
180,80,170,261,233,245,182,265,93.03,0
180,80,171,261,234,246,184,264,92.78,0
180,80,172,261,234,246,185,262,92.26,0
180,80,173,261,236,247,186,260,91.99,0
180,80,174,254,238,247,187,259,91.73,0
180,80,175,261,240,248,187,259,91.45,0
180,80,176,261,242,249,188,257,91.17,0
180,80,178,261,244,249,190,256,90.6,0
180,80,179,261,245,250,192,255,90.3,0
180,80,180,255,247,250,193,254,90.0,0
180,80,180,261,249,251,195,253,89.69,0
180,80,181,261,251,252,197,252,89.38,0
180,80,183,261,253,252,199,251,88.75,0
180,80,184,261,255,253,200,250,88.43,0
180,80,186,261,257,254,202,249,88.09,0
180,80,187,261,259,254,204,248,87.76,0
180,80,186,254,261,255,205,247,87.76,0
180,80,188,261,263,256,207,246,87.41,0
180,80,190,261,264,256,209,245,86.75,0
180,80,191,254,266,257,210,244,86.08,0
180,80,193,261,268,257,212,243,85.73,0
180,80,195,261,270,258,214,242,85.04,0
180,80,197,261,272,259,216,241,84.36,0
180,80,200,260,274,259,217,240,83.66,0
180,80,201,260,276,260,219,239,83.29,0
180,80,204,267,278,261,221,238,82.58,0
180,80,206,267,280,261,222,237,81.87,0
180,80,207,266,281,262,224,236,81.49,0
180,80,210,266,283,263,224,237,80.76,0
180,80,212,266,287,264,226,235,80.03,0
180,80,215,272,289,264,226,236,79.63,0
180,80,217,272,291,265,226,237,78.89,0
180,80,220,271,293,266,224,236,78.15,0
180,80,222,271,295,266,224,237,77.4,0
180,80,226,270,297,267,222,235,76.22,0
180,80,226,270,299,268,222,236,76.22,0
180,80,230,276,302,269,222,237,75.45,0
180,80,232,276,304,270,224,236,75.02,0
180,80,235,275,306,270,224,237,74.25,0
180,80,234,275,308,271,226,236,74.34,0
180,80,237,274,310,272,226,237,73.47,0
180,80,239,281,312,272,224,235,73.57,0
180,80,239,281,314,273,224,236,73.67,0
180,80,237,282,314,273,224,237,74.25,0
180,80,234,282,313,271,222,235,74.84,0
180,80,234,282,313,269,222,236,74.84,0
180,80,234,282,313,267,222,237,74.93,0
180,80,234,282,313,265,224,237,75.02,0
180,80,237,282,312,263,225,238,74.25,0
180,80,236,282,312,261,227,239,74.34,0
180,80,236,282,312,259,228,241,74.34,0
180,80,241,288,311,257,230,242,73.57,0
180,80,241,288,311,255,231,243,73.67,0
180,80,239,288,311,253,233,245,74.15,0
180,80,239,288,311,251,234,246,74.15,0
180,80,238,288,310,249,234,246,74.25,0
180,80,238,288,310,247,236,247,74.34,0
180,80,236,289,310,245,238,247,74.84,0
180,80,236,289,309,243,240,248,74.93,0
180,80,236,289,309,241,242,249,74.93,0
180,80,236,289,309,239,244,249,75.02,0
180,80,240,295,309,237,245,250,74.34,0
180,80,241,295,308,235,247,250,74.1,0
180,80,241,295,308,236,249,251,74.1,0
180,80,243,294,308,237,251,252,73.53,0
180,80,243,294,306,235,253,252,73.4,0
180,80,246,294,306,236,255,253,72.85,0
180,80,246,294,306,237,257,254,72.85,0
180,80,246,293,305,233,259,254,72.63,0
180,80,248,293,305,234,261,255,72.19,0
180,80,246,286,305,235,263,256,72.19,0
180,80,247,286,305,236,264,256,71.98,0
180,80,247,286,305,237,266,257,71.98,0
180,80,248,285,303,234,268,257,71.46,0
180,80,248,285,303,235,270,258,71.46,0
180,80,248,278,303,236,272,259,70.85,0
180,80,250,277,303,237,274,259,70.35,0
180,80,252,277,304,231,276,260,69.85,0
180,80,252,277,304,232,278,261,69.85,0
180,80,254,276,304,233,280,261,69.26,0
180,80,254,276,304,234,281,262,69.08,0
180,80,254,268,304,236,283,263,68.49,0
180,80,254,268,304,237,285,263,68.49,0
180,80,255,268,306,231,287,264,68.03,0
180,80,257,267,306,232,289,264,67.57,0
180,80,259,266,306,233,291,265,67.0,0
180,80,290,249,306,233,309,243,56.87,1
180,80,256,260,306,234,293,266,67.0,0
180,80,292,249,306,234,309,241,56.45,1
180,80,257,259,306,235,295,266,66.56,0
180,80,293,248,306,235,309,239,56.17,1
180,80,293,248,306,236,309,237,55.9,1
180,80,291,241,306,236,308,235,55.23,1
180,80,259,259,306,237,297,267,66.13,0
180,80,291,241,306,237,308,236,55.23,1
180,80,259,259,308,233,299,268,66.13,0
180,80,261,258,308,234,300,268,65.58,0
180,80,295,246,308,234,308,237,55.23,1
180,80,292,240,308,234,306,235,54.87,1
180,80,262,257,308,235,302,269,65.16,0
180,80,293,239,308,235,306,236,54.58,1
180,80,263,257,308,236,304,270,64.75,0
180,80,294,239,308,236,306,237,54.29,1
180,80,263,257,308,237,306,270,64.75,0
180,80,294,238,308,237,305,233,54.2,1
180,80,264,256,306,233,308,271,64.49,0
180,80,295,238,306,233,305,234,53.9,1
180,80,292,232,306,233,305,235,53.59,1
180,80,265,256,306,234,310,272,64.09,0
180,80,267,255,306,234,312,272,63.56,0
180,80,292,231,306,234,305,236,53.49,1
180,80,267,255,306,235,314,273,63.56,0
180,80,271,261,306,235,314,273,63.18,0
180,80,272,252,306,235,313,269,61.93,0
180,80,276,258,306,235,313,267,61.57,0
180,80,278,257,306,235,313,265,61.08,0
180,80,293,231,306,235,305,237,53.18,1
180,80,272,260,306,236,313,271,62.8,0
180,80,278,257,306,236,312,263,60.97,0
180,80,294,230,306,236,303,233,52.87,1
180,80,290,224,306,236,303,234,52.54,1
180,80,279,256,306,237,312,261,60.63,0
180,80,282,255,306,237,312,259,59.82,0
180,80,283,254,306,237,311,257,59.36,0
180,80,284,254,306,237,311,255,59.04,0
180,80,290,224,306,237,303,235,52.43,1
180,80,289,259,304,232,311,253,58.72,0
180,80,290,258,304,232,311,251,58.27,0
180,80,291,223,304,232,303,236,52.1,1
180,80,288,217,304,232,303,237,51.77,1
180,80,291,258,304,233,310,249,57.97,0
180,80,289,251,304,233,310,247,57.45,0
180,80,288,217,304,233,304,231,51.64,1
180,80,293,256,304,234,310,245,57.16,0
180,80,293,222,304,235,304,232,51.3,1
180,80,294,221,304,236,304,233,50.95,1
180,80,299,226,302,231,304,234,50.59,1
180,80,295,220,302,231,304,235,50.45,1
180,80,291,215,302,231,304,236,50.63,1
180,80,295,221,302,233,304,237,50.81,1
180,80,294,221,302,234,306,231,50.89,1
180,80,294,221,302,235,306,232,51.07,1
180,80,293,221,302,236,306,233,51.25,1
180,80,299,226,301,229,306,234,50.75,1
180,80,294,221,301,229,306,235,50.93,1
180,80,289,216,301,229,306,236,51.12,1
180,80,289,216,301,230,306,237,51.3,1
180,80,289,216,301,231,308,233,51.47,1
180,80,289,216,301,232,308,234,51.2,1
180,80,293,222,301,234,308,235,51.39,1
180,80,293,222,301,235,308,236,51.57,1
180,80,293,222,301,236,308,237,51.57,1
180,80,292,223,301,237,306,233,51.92,1
180,80,295,220,299,228,306,234,50.61,1
180,80,290,215,299,228,306,235,50.79,1
180,80,290,215,299,229,306,236,50.98,1
180,80,289,216,299,230,306,237,51.16,1
180,80,289,216,299,231,304,232,51.34,1
180,80,288,216,299,232,304,233,51.52,1
180,80,288,217,299,233,304,234,51.7,1
180,80,296,219,299,235,304,235,50.16,1
180,80,296,220,299,236,304,236,50.34,1
180,80,300,225,301,228,304,237,50.53,1
180,80,294,221,301,228,302,231,50.89,1
180,80,289,216,301,228,302,232,51.07,1
180,80,289,216,301,229,302,233,51.07,1
180,80,289,216,301,230,302,234,51.25,1
180,80,296,219,301,232,302,235,50.08,1
180,80,296,219,301,233,302,236,50.27,1
180,80,295,220,301,234,302,237,50.45,1
180,80,295,221,301,235,301,229,50.81,1
180,80,295,220,301,236,301,230,50.53,1
180,80,299,226,300,226,301,231,50.71,1
180,80,294,221,300,226,301,232,50.89,1
180,80,289,216,300,226,301,233,51.07,1
180,80,285,211,300,226,301,234,51.25,1
180,80,290,215,300,228,301,235,50.79,1
180,80,290,215,300,229,301,236,50.79,1
180,80,290,215,300,230,301,237,50.98,1
180,80,289,216,300,231,299,228,51.34,1
180,80,288,216,300,232,299,229,51.52,1
180,80,288,217,300,233,299,230,51.7,1
180,80,294,221,300,235,299,231,51.06,1
180,80,293,221,300,236,299,232,51.25,1
180,80,293,222,300,237,299,233,51.43,1
180,80,293,222,300,237,299,234,51.61,1
180,80,292,223,300,228,299,235,51.79,1
180,80,287,217,300,228,299,236,51.97,1
180,80,287,218,300,229,299,237,52.15,1
180,80,290,215,300,230,301,228,50.92,1
180,80,289,216,300,231,301,229,51.11,1
180,80,289,216,300,232,301,230,51.29,1
180,80,293,222,300,234,301,231,51.48,1
180,80,292,222,300,235,301,232,51.66,1
180,80,292,223,300,236,301,233,51.84,1
180,80,292,223,300,237,301,234,52.02,1
180,80,291,223,302,228,301,235,52.2,1
180,80,287,218,302,228,301,236,52.2,1
180,80,286,218,302,229,301,237,52.38,1
180,80,289,216,302,230,300,226,51.39,1
180,80,288,217,302,231,300,227,51.57,1
180,80,288,217,302,232,300,228,51.76,1
180,80,287,217,302,233,300,229,51.94,1
180,80,287,218,302,234,300,230,52.13,1
180,80,291,224,302,236,300,231,52.31,1
180,80,290,224,302,237,300,232,52.49,1
180,80,290,224,304,229,300,233,52.66,1
180,80,289,225,304,230,300,234,52.84,1
180,80,290,215,304,230,300,235,50.73,1
180,80,290,215,304,231,300,236,50.92,1
180,80,289,216,304,232,300,237,51.11,1
180,80,293,222,304,234,300,237,51.29,1
180,80,293,222,304,235,300,228,51.48,1
180,80,292,222,304,236,300,229,51.66,1
180,80,292,223,304,237,300,230,51.84,1
180,80,292,223,303,228,300,231,52.02,1
180,80,287,218,303,228,300,232,52.2,1
180,80,291,224,303,230,300,233,52.38,1
180,80,291,215,303,230,300,234,50.58,1
180,80,290,215,303,231,300,235,50.77,1
180,80,294,221,303,233,300,236,50.96,1
180,80,294,221,303,234,300,237,51.15,1
180,80,293,222,303,235,302,228,51.34,1
180,80,293,222,303,236,302,229,51.53,1
180,80,292,222,303,237,302,230,51.71,1
180,80,292,223,301,227,302,231,51.89,1
180,80,287,218,301,227,302,232,52.07,1
180,80,287,218,301,228,302,233,52.07,1
180,80,287,218,301,229,302,234,52.25,1
180,80,286,218,301,230,302,235,52.43,1
180,80,286,219,301,231,302,236,52.61,1
180,80,286,219,301,232,302,237,52.61,1
180,80,294,221,301,234,304,229,50.96,1
180,80,294,221,301,235,304,230,51.15,1
180,80,293,222,301,236,304,231,51.34,1
180,80,293,222,301,237,304,232,51.53,1
180,80,292,222,299,227,304,233,51.71,1
180,80,288,217,299,227,304,234,51.89,1
180,80,283,212,299,227,304,235,52.07,1
180,80,287,218,299,229,304,236,52.25,1
180,80,286,218,299,230,304,237,52.43,1
180,80,291,215,299,231,303,228,50.5,1
180,80,295,220,299,233,303,229,50.69,1
180,80,294,221,299,234,303,230,50.88,1
180,80,294,221,299,235,303,231,50.88,1
180,80,294,221,299,236,303,232,51.06,1
180,80,293,221,299,237,303,233,51.25,1
180,80,293,222,297,227,303,234,51.43,1
180,80,288,217,297,227,303,235,51.61,1
180,80,283,212,297,227,303,236,51.79,1
180,80,283,212,297,228,303,237,51.97,1
180,80,291,214,297,230,301,227,50.23,1
180,80,295,220,297,232,301,228,50.42,1
180,80,295,220,297,233,301,229,50.61,1
180,80,295,221,297,234,301,230,50.79,1
180,80,294,221,297,235,301,231,50.98,1
180,80,294,221,297,236,301,232,51.16,1
180,80,293,222,297,237,301,233,51.34,1
180,80,293,222,299,227,301,234,51.52,1
180,80,288,217,299,227,301,235,51.7,1
180,80,284,211,299,227,301,236,51.7,1
180,80,291,214,299,229,301,237,50.27,1
180,80,290,215,299,230,299,227,50.65,1
180,80,290,215,299,231,299,228,50.83,1
180,80,290,216,299,232,299,229,51.02,1
180,80,294,221,299,234,299,230,51.2,1
180,80,293,222,299,235,299,231,51.39,1
180,80,293,222,299,236,299,232,51.57,1
180,80,292,222,299,237,299,233,51.75,1
180,80,292,223,300,226,299,234,51.92,1
180,80,291,215,300,226,299,235,50.54,1
180,80,286,210,300,226,299,236,50.73,1
180,80,290,215,300,228,299,237,50.92,1
180,80,289,216,300,229,297,227,51.11,1
180,80,289,216,300,230,297,228,51.29,1
180,80,288,216,300,231,297,229,51.48,1
180,80,288,217,300,232,297,230,51.66,1
180,80,288,217,300,233,297,231,51.84,1
180,80,292,223,300,235,297,232,52.02,1
180,80,291,223,300,236,297,233,52.2,1
180,80,291,224,300,237,297,234,52.38,1
180,80,294,221,302,225,297,235,51.01,1
180,80,289,216,302,225,297,236,51.2,1
180,80,289,216,302,226,297,237,51.39,1
180,80,288,217,302,227,299,227,51.57,1
180,80,288,217,302,228,299,228,51.76,1
180,80,287,217,302,229,299,229,51.94,1
180,80,287,218,302,230,299,230,52.13,1
180,80,286,218,302,231,299,231,52.31,1
180,80,286,218,302,232,299,232,52.49,1
180,80,286,219,302,233,299,233,52.66,1
180,80,289,225,302,235,299,234,52.84,1
180,80,293,222,302,236,299,235,51.48,1
180,80,292,222,302,237,299,236,51.67,1
180,80,292,223,304,226,299,237,51.86,1
180,80,291,223,304,227,300,226,52.05,1
180,80,291,223,304,228,300,227,52.23,1
180,80,291,224,304,229,300,228,52.41,1
180,80,290,224,304,230,300,229,52.59,1
180,80,290,224,304,231,300,230,52.77,1
180,80,289,225,304,232,300,231,52.95,1
180,80,289,225,304,233,300,232,53.13,1
180,80,288,225,304,234,300,233,53.31,1
180,80,294,221,304,235,300,234,51.01,1
180,80,294,221,304,236,300,235,51.2,1
180,80,293,222,304,237,300,236,51.39,1
180,80,293,222,302,226,300,237,51.57,1
180,80,288,217,302,226,302,225,51.76,1
180,80,287,217,302,227,302,226,51.94,1
180,80,287,218,302,228,302,227,52.13,1
180,80,286,218,302,229,302,228,52.31,1
180,80,286,218,302,230,302,229,52.49,1
180,80,286,219,302,231,302,230,52.66,1
180,80,289,225,302,233,302,231,52.84,1
180,80,295,220,302,234,302,232,50.58,1
180,80,295,220,302,235,302,233,50.58,1
180,80,295,220,302,236,302,234,50.77,1
180,80,294,221,302,237,302,235,50.96,1
180,80,294,221,304,227,302,236,51.15,1
180,80,289,216,304,227,302,237,51.34,1
180,80,288,217,304,228,304,226,51.71,1
180,80,288,217,304,229,304,227,51.89,1
180,80,291,223,304,231,304,228,52.07,1
180,80,291,223,304,232,304,229,52.07,1
180,80,291,223,304,233,304,230,52.25,1
180,80,290,224,304,234,304,231,52.43,1
180,80,290,224,304,235,304,232,52.61,1
180,80,301,224,304,237,304,233,49.92,1
180,80,301,225,305,228,304,234,50.12,1
180,80,296,220,305,228,304,235,50.31,1
180,80,291,215,305,228,304,236,50.5,1
180,80,290,215,305,229,304,237,50.69,1
180,80,289,216,305,230,302,226,51.06,1
180,80,289,216,305,231,302,227,51.25,1
180,80,289,216,305,232,302,228,51.43,1
180,80,293,222,305,234,302,229,51.61,1
180,80,292,223,305,235,302,230,51.79,1
180,80,292,223,305,236,302,231,51.97,1
180,80,291,223,305,237,302,232,52.15,1
180,80,291,223,303,229,302,233,52.15,1
180,80,293,213,303,229,302,234,49.66,1
180,80,297,219,303,231,302,235,49.85,1
180,80,296,219,303,232,302,236,50.04,1
180,80,296,219,303,233,302,237,50.23,1
180,80,295,220,303,234,304,227,50.61,1
180,80,295,221,303,235,304,228,50.79,1
180,80,295,221,303,236,304,229,50.79,1
180,80,294,221,303,237,304,230,50.98,1
180,80,294,221,305,230,304,231,51.16,1
180,80,289,216,305,230,304,232,51.34,1
180,80,293,222,305,232,304,233,51.52,1
180,80,292,222,305,233,304,234,51.7,1
180,80,296,219,305,234,304,235,50.12,1
180,80,296,220,305,235,304,236,50.31,1
180,80,295,220,305,236,304,237,50.5,1
180,80,299,226,303,231,305,228,50.69,1
180,80,294,221,303,231,305,229,50.88,1
180,80,289,216,303,231,305,230,51.06,1
180,80,289,216,303,232,305,231,51.25,1
180,80,293,222,303,234,305,232,51.43,1
180,80,293,222,303,235,305,233,51.61,1
180,80,292,223,303,236,305,234,51.79,1
180,80,292,223,303,237,305,235,51.97,1
180,80,291,223,304,230,305,236,52.15,1
180,80,297,219,304,231,305,237,49.85,1
180,80,296,219,304,232,303,229,50.23,1
180,80,295,220,304,233,303,230,50.42,1
180,80,295,220,304,234,303,231,50.42,1
180,80,295,220,304,235,303,232,50.61,1
180,80,295,221,304,236,303,233,50.79,1
180,80,294,221,304,237,303,234,50.98,1
180,80,294,221,302,230,303,235,51.16,1
180,80,289,216,302,230,303,236,51.34,1
180,80,288,216,302,231,303,237,51.52,1
180,80,288,217,302,232,305,230,51.7,1
180,80,297,219,302,234,305,231,49.82,1
180,80,296,219,302,235,305,232,50.01,1
180,80,301,225,302,237,305,233,50.19,1
180,80,300,225,301,231,305,234,50.38,1
180,80,295,220,301,231,305,235,50.57,1
180,80,290,215,301,231,305,236,50.75,1
180,80,294,221,301,233,305,237,50.93,1
180,80,294,221,301,234,303,231,51.12,1
180,80,293,222,301,235,303,232,51.3,1
180,80,293,222,301,236,303,233,51.47,1
180,80,300,225,299,232,303,234,50.46,1
180,80,295,220,299,232,303,235,50.65,1
180,80,294,221,299,233,303,236,50.83,1
180,80,294,221,299,234,303,237,51.02,1
180,80,294,221,299,235,304,230,51.2,1
180,80,293,222,299,236,304,231,51.39,1
180,80,293,222,299,237,304,232,51.57,1
180,80,292,222,297,232,304,233,51.75,1
180,80,287,217,297,232,304,234,51.92,1
180,80,296,219,297,234,304,235,50.19,1
180,80,296,220,297,235,304,236,50.38,1
180,80,295,220,297,236,304,237,50.57,1
180,80,294,221,297,237,302,230,50.93,1
180,80,294,221,296,230,302,231,51.12,1
180,80,289,216,296,230,302,232,51.3,1
180,80,289,216,296,231,302,233,51.3,1
180,80,289,216,296,232,302,234,51.47,1
180,80,294,221,296,234,302,235,50.83,1
180,80,294,221,296,235,302,236,51.02,1
180,80,103,356,198,331,157,314,105.54,0
180,80,105,357,196,330,158,314,105.06,0
180,80,108,357,194,330,160,315,104.52,0
180,80,110,358,194,330,162,315,104.04,0
180,80,114,352,192,330,164,316,103.5,0
180,80,116,352,190,330,166,316,103.01,0
180,80,119,353,188,329,168,317,102.48,0
180,80,121,353,186,329,170,318,101.99,0
180,80,124,354,184,329,172,318,101.46,0
180,80,125,354,182,329,174,319,101.16,0
180,80,167,324,182,329,210,329,92.9,1
180,80,169,317,182,329,212,330,92.41,1
180,80,128,355,180,328,176,319,100.68,0
180,80,164,338,180,328,208,329,93.39,1
180,80,171,317,180,328,214,330,91.93,1
180,80,128,355,178,328,178,320,100.68,0
180,80,171,317,178,328,216,331,91.93,1
180,80,130,355,176,328,180,320,100.15,0
180,80,174,317,176,328,218,331,91.44,1
180,80,132,356,174,328,182,321,99.67,0
180,80,135,356,174,328,183,321,99.14,0
180,80,176,317,174,328,220,332,90.96,1
180,80,137,356,172,327,185,322,98.65,0
180,80,178,317,172,327,222,332,90.48,1
180,80,180,311,172,327,224,333,90.0,1
180,80,141,350,170,327,187,323,98.13,0
180,80,143,350,168,327,189,323,97.64,0
180,80,181,317,168,327,226,334,89.52,1
180,80,146,350,166,327,191,324,97.13,0
180,80,181,317,166,327,228,334,89.52,1
180,80,148,351,164,326,193,324,96.61,0
180,80,150,351,162,326,195,325,96.12,0
180,80,153,351,160,326,197,325,95.61,0
180,80,153,351,158,326,199,326,95.61,0
180,80,154,351,156,325,201,326,95.37,0
180,80,156,352,154,325,203,327,94.86,0
180,80,159,352,152,325,205,327,94.38,0
180,80,161,352,150,325,207,328,93.88,0
180,80,183,345,126,322,230,335,89.29,0
180,80,185,345,124,321,230,335,88.82,0
180,80,187,345,122,321,228,334,88.35,0
180,80,191,345,120,321,226,334,87.42,0
180,80,194,345,118,321,224,334,86.95,0
180,80,196,345,116,320,222,334,86.5,0
180,80,198,345,114,320,220,333,86.03,0
180,80,200,345,113,320,218,333,85.58,0
180,80,202,345,111,320,216,333,85.12,0
180,80,204,344,109,319,214,333,84.68,0
180,80,206,344,107,319,212,332,84.22,0
180,80,208,344,105,319,210,332,83.79,0
180,80,209,344,103,319,208,332,83.58,0
180,80,211,344,101,318,206,332,83.13,0
180,80,215,343,99,318,204,331,82.26,0
180,80,217,343,97,318,202,331,81.84,0
180,80,219,343,95,318,200,331,81.39,0
180,80,221,342,93,317,198,331,80.98,0
180,80,223,342,89,317,196,330,80.54,0
180,80,225,342,87,317,194,330,80.13,0
180,80,227,341,85,316,192,330,79.73,0
180,80,229,341,83,316,190,330,79.3,0
180,80,231,341,81,316,188,329,78.91,0
180,80,231,341,79,316,186,329,78.91,0
180,80,229,341,77,315,184,329,79.3,0
180,80,227,341,75,315,182,329,79.73,0
180,80,225,342,73,315,180,328,80.17,0
180,80,223,342,73,315,178,328,80.61,0
180,80,221,342,71,315,176,328,81.02,0
180,80,219,343,69,314,174,328,81.46,0
180,80,217,343,69,314,172,327,81.9,0
180,80,215,343,67,313,170,327,82.35,0
180,80,213,343,66,312,168,327,82.76,0
180,80,210,337,65,310,166,327,83.21,0
180,80,206,337,63,309,164,326,84.11,0
180,80,206,337,62,307,162,326,84.11,0
180,80,204,337,60,306,160,326,84.54,0
180,80,202,338,59,305,158,326,84.99,0
180,80,198,338,58,303,156,325,85.9,0
180,80,198,338,56,302,154,325,85.9,0
180,80,196,338,55,300,152,325,86.34,0
180,80,194,338,53,299,150,325,86.79,0
180,80,192,338,52,298,148,324,87.25,0
180,80,190,338,50,296,146,324,87.71,0
180,80,188,338,49,295,144,324,88.16,0
180,80,186,338,48,293,142,324,88.62,0
180,80,184,338,46,292,140,323,89.08,0
180,80,182,338,45,290,138,323,89.54,0
180,80,180,332,43,289,136,323,90.0,0
180,80,177,331,43,289,134,323,90.46,0
180,80,175,331,45,289,132,322,90.92,0
180,80,173,331,47,289,130,322,91.39,0
180,80,171,331,49,288,128,322,91.86,0
180,80,169,331,51,288,126,322,92.32,0
180,80,167,331,53,288,124,321,92.78,0
180,80,166,324,55,288,122,321,93.24,0
180,80,164,324,57,288,120,321,93.72,0
180,80,164,324,59,288,118,321,93.72,0
180,80,160,324,61,287,116,320,94.65,0
180,80,160,324,63,287,114,320,94.65,0
180,80,158,324,65,287,113,320,95.11,0
180,80,156,323,67,287,111,320,95.59,0
180,80,154,316,69,287,109,319,96.06,0
180,80,152,316,71,286,107,319,96.52,0
180,80,151,316,73,286,105,319,96.98,0
180,80,149,315,75,286,103,319,97.47,0
180,80,147,315,77,286,101,318,97.93,0
180,80,145,315,79,286,99,318,98.39,0
180,80,146,308,81,285,97,318,98.39,0
180,80,144,308,83,285,95,318,98.85,0
180,80,141,314,85,285,93,317,99.35,0
180,80,139,314,89,285,91,317,99.81,0
180,80,105,298,89,285,56,302,108.8,1
180,80,106,291,89,285,55,300,109.23,1
180,80,138,307,91,285,89,317,100.26,0
180,80,104,290,91,285,53,299,109.65,1
180,80,105,283,91,285,52,298,110.16,1
180,80,106,276,91,285,50,296,110.58,1
180,80,107,269,91,285,49,295,111.01,1
180,80,135,313,93,284,87,317,100.72,0
180,80,105,268,93,284,48,293,111.43,1
180,80,133,313,95,284,85,316,101.22,0
180,80,104,268,95,284,46,292,111.93,1
180,80,131,313,97,284,83,316,101.67,0
180,80,131,313,99,284,81,316,101.67,0
180,80,100,274,99,284,45,290,112.34,1
180,80,129,312,101,284,79,316,102.13,0
180,80,100,274,101,284,43,289,112.34,1
180,80,128,312,103,283,77,315,102.58,0
180,80,98,273,103,283,43,289,112.76,1
180,80,126,311,105,283,75,315,103.08,0
180,80,95,272,105,283,45,289,113.67,1
180,80,124,311,107,283,73,315,103.53,0
180,80,94,271,107,283,47,289,114.08,1
180,80,122,310,109,283,71,315,103.98,0
180,80,120,310,111,283,69,314,104.43,0
180,80,118,309,115,282,69,314,104.93,0
180,80,116,309,117,282,67,313,105.38,0
180,80,115,309,119,282,66,312,105.6,0
180,80,114,308,121,282,65,310,106.04,0
180,80,112,308,123,282,63,309,106.55,0
180,80,110,307,125,281,62,307,106.98,0
180,80,108,307,127,281,60,306,107.42,0
180,80,107,306,129,281,59,305,107.86,0
180,80,105,305,133,281,58,303,108.36,0
180,80,78,302,165,278,49,288,114.48,0
180,80,76,302,167,277,51,288,114.88,0
180,80,74,301,169,277,53,288,115.38,0
180,80,73,300,171,277,55,288,115.87,0
180,80,68,306,171,277,57,288,116.17,0
180,80,67,305,171,277,59,288,116.57,0
180,80,63,303,171,277,61,287,117.47,0
180,80,61,302,171,277,63,287,117.97,0
180,80,60,301,171,277,65,287,118.27,0
180,80,50,304,171,277,71,286,120.11,0
180,80,59,301,173,277,67,287,118.68,0
180,80,57,299,173,277,69,287,119.19,0
180,80,48,303,173,277,73,286,120.42,0
180,80,46,301,173,277,75,286,121.04,0
180,80,41,298,173,277,79,286,122.3,0
180,80,45,301,175,277,77,286,121.35,0
180,80,36,303,175,277,81,285,122.74,0
180,80,34,302,175,277,83,285,123.24,0
180,80,34,302,177,277,85,285,123.24,0
180,80,39,297,179,276,87,285,122.86,0
180,80,41,299,177,276,89,285,122.2,0
180,80,43,300,173,276,91,285,121.81,0
180,80,45,301,171,275,93,284,121.41,0
180,80,50,296,167,275,95,284,121.0,0
180,80,51,296,163,274,97,284,120.6,0
180,80,54,298,159,274,99,284,119.89,0
180,80,55,299,157,274,101,284,119.48,0
180,80,57,300,153,273,103,283,119.05,0
180,80,59,301,149,272,105,283,118.63,0
180,80,135,256,149,272,159,278,104.24,1
180,80,60,302,147,272,107,283,118.2,0
180,80,136,256,147,272,161,278,103.7,1
180,80,138,257,145,272,163,278,103.16,1
180,80,140,257,143,272,165,278,102.68,1
180,80,67,297,141,271,109,283,117.45,0
180,80,143,258,141,271,167,277,101.59,1
180,80,145,258,139,271,169,277,101.03,1
180,80,68,298,137,271,111,283,117.01,0
180,80,146,258,137,271,171,277,100.48,1
180,80,70,299,135,271,113,283,116.57,0
180,80,148,259,135,271,173,277,99.93,1
180,80,150,259,133,270,175,277,99.42,1
180,80,72,299,131,270,115,282,116.12,0
180,80,73,300,127,270,117,282,115.78,0
180,80,79,295,125,269,119,282,114.86,0
180,80,81,296,123,269,121,282,114.4,0
180,80,83,297,121,269,123,282,113.94,0
180,80,85,298,119,269,125,281,113.47,0
180,80,86,298,119,269,127,281,113.1,0
180,80,88,299,117,268,129,281,112.62,0
180,80,92,293,115,268,131,281,112.14,0
180,80,96,295,113,268,133,281,111.17,0
180,80,98,295,113,268,135,280,110.77,0
180,80,99,296,111,268,137,280,110.28,0
180,80,101,297,109,267,139,280,109.78,0
180,80,103,298,107,267,141,280,109.28,0
180,80,107,292,105,267,143,280,108.77,0
180,80,109,292,103,267,145,280,108.27,0
180,80,113,293,103,267,147,279,107.32,0
180,80,115,294,101,266,149,279,106.8,0
180,80,117,295,99,266,151,279,106.28,0
180,80,119,295,97,266,153,279,105.76,0
180,80,120,296,96,266,155,279,105.3,0
180,80,122,296,94,265,157,278,104.77,0
180,80,146,294,78,263,177,277,98.85,0
180,80,148,294,76,263,179,276,98.29,0
180,80,151,288,74,263,179,276,97.73,0
180,80,153,288,72,262,177,276,97.16,0
180,80,155,288,70,262,175,276,96.63,0
180,80,157,288,68,262,173,276,96.05,0
180,80,159,289,66,262,171,275,95.48,0
180,80,162,289,64,261,169,275,94.91,0
180,80,164,289,62,261,167,275,94.33,0
180,80,166,289,60,261,165,275,93.78,0
180,80,168,289,58,261,163,274,93.2,0
180,80,170,289,56,260,161,274,92.62,0
180,80,172,289,54,260,159,274,92.04,0
180,80,174,289,52,260,157,274,91.45,0
180,80,176,289,50,260,155,273,90.87,0
180,80,178,289,48,259,153,273,90.29,0
180,80,178,289,46,259,151,273,90.29,0
180,80,176,289,44,259,149,272,90.88,0
180,80,174,289,42,259,147,272,91.46,0
180,80,174,289,40,258,145,272,91.46,0
180,80,172,289,38,258,143,272,92.05,0
180,80,170,289,36,258,141,271,92.64,0
180,80,168,289,34,257,139,271,93.23,0
180,80,166,282,32,257,137,271,93.81,0
180,80,164,282,30,257,135,271,94.4,0
180,80,162,282,28,257,133,270,95.01,0
180,80,160,282,26,256,131,270,95.59,0
180,80,158,281,24,256,129,270,96.18,0
180,80,156,281,22,256,127,270,96.76,0
180,80,153,281,20,256,125,269,97.38,0
180,80,153,281,18,255,123,269,97.38,0
180,80,151,281,18,255,121,269,97.96,0
180,80,149,280,18,253,119,269,98.55,0
180,80,147,280,18,251,117,268,99.17,0
180,80,145,280,17,247,115,268,99.75,0
180,80,143,279,17,246,113,268,100.33,0
180,80,141,279,17,244,111,268,100.91,0
180,80,141,279,16,242,109,267,100.91,0
180,80,137,285,16,240,107,267,101.54,0
180,80,137,278,16,238,105,267,102.12,0
180,80,135,278,16,236,103,267,102.69,0
180,80,131,284,16,237,101,266,103.26,0
180,80,129,283,18,235,99,266,103.89,0
180,80,131,277,18,236,97,266,103.89,0
180,80,127,283,18,237,96,266,104.46,0
180,80,125,282,18,234,94,265,105.03,0
180,80,123,282,18,235,92,265,105.59,0
180,80,121,281,18,236,90,265,106.23,0
180,80,119,281,18,237,88,264,106.78,0
180,80,119,281,19,235,86,264,106.78,0
180,80,117,280,19,236,84,264,107.34,0
180,80,115,279,19,237,82,264,107.89,0
180,80,113,279,20,234,80,263,108.53,0
180,80,111,278,20,235,78,263,109.07,0
180,80,111,278,20,236,76,263,109.07,0
180,80,109,277,20,237,74,263,109.62,0
180,80,107,277,22,233,72,262,110.15,0
180,80,105,276,22,234,70,262,110.79,0
180,80,106,269,22,236,68,262,111.32,0
180,80,106,269,22,237,66,262,111.32,0
180,80,104,268,24,233,64,261,111.85,0
180,80,102,267,24,234,62,261,112.38,0
180,80,100,266,24,235,60,261,113.01,0
180,80,98,266,24,237,58,261,113.53,0
180,80,101,259,26,233,56,260,113.53,0
180,80,100,258,26,234,54,260,114.05,0
180,80,99,258,26,235,52,260,114.3,0
180,80,97,257,26,236,50,260,114.93,0
180,80,95,256,26,237,48,259,115.44,0
180,80,95,256,28,233,46,259,115.44,0
180,80,92,255,28,233,42,259,116.57,0
180,80,90,254,28,233,40,258,117.06,0
180,80,94,256,28,234,44,259,115.94,0
180,80,90,254,28,234,38,258,117.06,0
180,80,45,250,28,234,18,236,128.19,1
180,80,86,259,28,235,36,258,117.55,0
180,80,84,259,28,235,34,257,118.04,0
180,80,82,258,28,235,32,257,118.65,0
180,80,44,249,28,235,18,237,128.58,1
180,80,82,258,28,236,30,257,118.65,0
180,80,81,257,28,236,28,257,119.13,0
180,80,79,256,28,236,26,256,119.61,0
180,80,78,255,28,236,24,256,120.08,0
180,80,43,248,28,236,18,233,128.97,1
180,80,78,255,28,237,22,256,120.08,0
180,80,72,260,28,237,20,256,120.69,0
180,80,41,247,28,237,18,234,129.52,1
180,80,45,241,28,237,18,235,129.9,1
180,80,74,253,26,233,18,255,121.15,0
180,80,69,258,26,233,18,255,121.61,0
180,80,68,257,26,234,18,253,122.06,0
180,80,66,256,26,234,18,251,122.66,0
180,80,65,255,26,234,17,249,123.1,0
180,80,39,245,26,234,18,236,130.28,1
180,80,43,239,26,234,18,237,130.65,1
180,80,63,255,26,235,17,247,123.54,0
180,80,62,254,26,235,17,246,123.98,0
180,80,41,238,26,235,19,235,131.19,1
180,80,56,258,26,236,17,244,124.56,0
180,80,55,257,26,236,16,242,124.99,0
180,80,52,255,26,236,16,240,125.84,0
180,80,40,237,26,236,19,236,131.55,1
180,80,51,254,26,237,16,238,126.41,0
180,80,45,259,26,237,16,236,126.82,0
180,80,39,236,26,237,19,237,131.92,1
180,80,43,230,26,237,20,233,132.27,1
180,80,44,258,27,232,16,237,127.23,0
180,80,43,257,27,232,18,235,127.63,0
180,80,42,228,27,232,20,234,132.79,1
180,80,42,228,27,233,20,235,132.79,1
180,80,41,228,27,234,20,236,133.12,1
180,80,40,227,27,235,20,237,133.45,1
180,80,43,220,27,235,22,233,134.31,1
180,80,37,224,27,237,22,234,134.48,1
180,80,36,223,26,234,22,235,134.82,1
180,80,35,222,26,235,22,236,135.35,1
180,80,34,221,26,236,22,237,135.71,1
180,80,28,225,28,233,24,233,136.07,1
180,80,32,219,28,233,24,234,136.43,1
180,80,33,220,28,234,24,235,136.25,1
180,80,33,220,28,235,24,236,136.27,1
180,80,33,220,28,236,24,237,136.08,1
180,80,34,221,28,237,26,233,135.9,1
180,80,32,219,30,233,26,234,136.64,1
180,80,32,219,30,234,26,235,136.45,1
180,80,33,220,30,235,26,236,136.27,1
180,80,33,220,30,236,26,237,136.08,1
180,80,28,225,32,233,28,233,136.09,1
180,80,33,220,32,233,28,234,136.09,1
180,80,34,221,32,234,28,235,135.9,1
180,80,34,221,32,235,28,236,135.72,1
180,80,33,220,32,236,28,237,136.28,1
180,80,28,225,34,233,26,233,136.09,1
180,80,34,221,34,233,26,234,135.91,1
180,80,34,221,34,234,26,235,135.73,1
180,80,35,222,34,235,26,236,135.54,1
180,80,34,221,34,236,26,237,135.92,1
180,80,34,221,34,237,27,232,135.73,1
180,80,35,222,32,235,27,233,135.55,1
180,80,35,222,32,236,27,234,135.36,1
180,80,36,223,32,237,27,235,135.18,1
180,80,35,222,34,236,27,236,135.56,1
180,80,35,222,34,237,27,237,135.37,1
180,80,36,223,35,237,26,234,135.18,1
180,80,36,223,37,239,26,235,135.0,1
180,80,31,228,39,242,26,236,134.82,1
180,80,26,232,42,245,26,237,135.19,1
180,80,27,233,43,247,28,233,134.81,1
180,80,2,258,51,251,28,234,134.81,0
180,80,2,259,53,250,28,235,134.63,0
180,80,3,259,55,250,28,236,134.45,0
180,80,2,258,57,249,28,237,134.81,0
180,80,3,259,59,249,30,233,134.44,0
180,80,4,260,60,249,30,234,134.26,0
180,80,4,261,62,248,30,235,134.07,0
180,80,1,257,64,248,30,236,135.19,0
180,80,1,258,66,247,30,237,135.0,0
180,80,2,258,68,247,32,233,134.81,0
180,80,2,259,70,247,32,234,134.63,0
180,80,3,259,72,246,32,235,134.45,0
180,80,1,257,74,246,32,236,135.19,0
180,80,1,258,76,245,32,237,135.0,0
180,80,2,258,78,245,34,233,134.81,0
180,80,2,259,80,245,34,234,134.63,0
180,80,3,259,82,244,34,235,134.44,0
180,80,4,260,84,244,34,236,134.26,0
180,80,1,258,86,243,34,237,135.0,0
180,80,2,258,88,243,32,235,134.81,0
180,80,2,259,90,243,32,236,134.63,0
180,80,3,259,92,242,32,237,134.45,0
180,80,2,258,94,242,34,236,134.81,0
180,80,-1,-1,96,241,34,237,134.63,0
180,80,-1,-1,98,241,35,237,134.44,0
180,80,4,260,100,241,37,239,134.26,0
180,80,4,261,102,240,38,241,134.07,0
180,80,3,259,104,240,39,242,134.43,0
180,80,4,261,106,239,40,244,134.06,0
180,80,5,261,109,239,42,245,133.88,0
180,80,5,262,111,238,43,247,133.69,0
180,80,4,261,111,238,44,248,134.05,0
180,80,5,261,109,238,46,250,133.86,0
180,80,10,257,107,238,47,251,133.68,0
180,80,11,257,105,239,47,251,133.49,0
180,80,11,258,103,239,49,251,133.31,0
180,80,6,262,101,239,51,251,133.66,0
180,80,12,258,99,239,53,250,133.29,0
180,80,12,258,97,239,55,250,133.1,0
180,80,13,259,95,239,57,249,132.92,0
180,80,6,262,93,239,59,249,133.49,0
180,80,11,258,91,239,60,249,133.31,0
180,80,12,258,89,239,62,248,133.1,0
180,80,13,259,87,240,64,248,132.92,0
180,80,71,225,87,240,86,243,126.76,1
180,80,72,227,87,240,88,243,126.05,1
180,80,16,262,89,240,66,247,131.97,0
180,80,74,227,89,240,90,243,125.6,1
180,80,22,258,91,240,68,247,131.41,0
180,80,81,224,93,240,96,241,124.32,1
180,80,23,259,95,240,70,247,131.04,0
180,80,82,225,95,240,98,241,123.85,1
180,80,25,261,97,240,72,246,130.49,0
180,80,83,226,97,240,100,241,123.37,1
180,80,84,226,99,240,102,240,123.05,1
180,80,29,264,101,240,74,246,129.36,0
180,80,86,228,101,240,104,240,122.22,1
180,80,34,259,103,240,76,245,128.99,0
180,80,87,228,103,240,106,239,121.72,1
180,80,89,229,105,240,108,239,121.22,1
180,80,93,224,105,240,109,239,120.86,1
180,80,36,261,107,240,78,245,128.25,0
180,80,96,225,107,240,111,238,119.97,1
180,80,38,262,109,240,80,245,127.87,0
180,80,97,226,109,240,111,238,119.44,1
180,80,97,226,111,240,109,238,119.44,1
180,80,39,263,113,240,82,244,127.46,0
180,80,98,227,113,240,107,238,118.91,1
180,80,40,264,115,240,84,244,127.03,0
180,80,99,227,115,240,105,239,118.51,1
180,80,101,228,117,240,103,239,117.96,1
180,80,108,224,123,240,95,239,116.42,1
180,80,50,262,127,240,92,242,125.38,0
180,80,51,263,129,240,94,242,125.08,0
180,80,84,259,177,241,101,239,117.96,0
180,80,86,259,181,239,99,239,117.55,0
180,80,87,260,185,238,97,239,116.99,0
180,80,89,261,191,236,93,239,116.42,0
180,80,91,262,191,238,91,239,115.99,0
180,80,92,263,191,240,89,239,115.41,0
180,80,94,264,192,242,87,240,114.96,0
180,80,96,264,192,242,87,240,114.36,0
180,80,97,265,190,241,89,240,114.06,0
180,80,101,259,188,240,91,240,113.59,0
180,80,101,259,186,240,93,240,113.59,0
180,80,94,264,184,239,95,240,114.8,0
180,80,93,263,182,238,97,240,115.25,0
180,80,86,259,182,238,103,240,117.57,0
180,80,84,259,182,238,105,240,118.13,0
180,80,79,264,182,238,107,240,118.69,0
180,80,77,263,182,238,109,240,119.24,0
180,80,75,262,182,238,111,240,119.78,0
180,80,74,261,182,238,113,240,120.17,0
180,80,91,262,181,237,99,240,115.84,0
180,80,89,261,181,237,101,240,116.42,0
180,80,76,262,179,236,115,240,119.63,0
180,80,77,263,181,236,117,240,119.08,0
180,80,79,264,183,237,119,240,118.54,0
180,80,81,265,187,238,121,240,117.98,0
180,80,88,261,192,240,123,240,116.85,0
180,80,90,262,196,241,125,240,116.28,0
180,80,91,262,200,242,127,240,115.7,0
180,80,93,263,202,242,129,240,115.11,0
180,80,98,258,204,243,131,240,114.52,0
180,80,102,259,204,243,133,240,113.33,0
180,80,104,260,206,243,135,240,112.72,0
180,80,106,261,208,244,137,240,112.11,0
180,80,110,255,210,244,139,240,111.49,0
180,80,112,256,210,244,141,240,110.87,0
180,80,114,257,212,245,143,240,110.24,0
180,80,116,265,214,245,145,240,108.97,0
180,80,118,266,215,246,147,240,108.33,0
180,80,120,266,215,246,149,240,107.68,0
180,80,124,260,217,247,151,240,107.03,0
180,80,126,261,219,247,153,240,106.37,0
180,80,128,261,221,248,155,240,105.71,0
180,80,130,262,223,248,157,240,105.04,0
180,80,133,263,223,248,159,240,104.37,0
180,80,138,257,225,249,161,240,103.02,0
180,80,141,257,227,249,163,240,102.34,0
180,80,143,258,229,250,165,240,101.65,0
180,80,145,258,231,250,167,240,100.97,0
180,80,147,259,233,251,169,240,100.27,0
180,80,149,259,235,251,171,240,99.58,0
180,80,151,259,235,251,173,240,98.88,0
180,80,154,260,237,252,175,240,98.18,0
180,80,156,260,239,252,177,241,97.48,0
180,80,158,260,241,253,177,241,96.77,0
180,80,160,260,242,253,179,240,96.06,0
180,80,162,261,244,254,181,239,95.36,0
180,80,165,261,246,254,183,239,94.65,0
180,80,167,261,248,255,185,238,93.93,0
180,80,169,261,250,255,187,237,93.22,0
180,80,172,261,252,256,189,237,92.51,0
180,80,174,261,254,257,191,236,91.79,0
180,80,176,268,256,257,191,237,91.07,0
180,80,176,268,258,258,191,238,91.07,0
180,80,178,268,260,258,191,240,90.36,0
180,80,178,268,262,259,192,242,90.36,0
180,80,181,268,264,259,192,242,89.64,0
180,80,185,268,266,260,190,241,88.19,0
180,80,188,268,268,260,188,240,87.45,0
180,80,190,268,269,261,186,240,86.72,0
180,80,193,268,271,261,184,239,85.97,0
180,80,193,268,273,262,182,238,85.99,0
180,80,193,268,275,262,181,237,86.02,0
180,80,192,268,277,263,179,236,86.07,0
180,80,194,275,279,263,179,237,85.76,0
180,80,194,275,281,264,181,236,85.76,0
180,80,192,275,283,264,181,237,86.45,0
180,80,189,275,285,265,183,237,87.14,0
180,80,187,275,287,266,185,238,87.85,0
180,80,184,275,289,266,187,238,88.56,0
180,80,182,275,291,267,188,239,89.27,0
180,80,181,275,293,267,190,239,89.64,0
180,80,178,275,295,268,192,240,90.37,0
180,80,178,275,296,268,194,240,90.36,0
180,80,178,275,298,269,196,241,90.36,0
180,80,181,275,300,269,198,241,89.63,0
180,80,181,282,302,270,200,242,89.64,0
180,80,183,282,304,270,202,242,88.91,0
180,80,186,282,306,271,204,243,88.19,0
180,80,188,282,306,271,206,243,87.46,0
180,80,190,282,307,269,208,244,87.12,0
180,80,190,282,309,268,210,244,87.12,0
180,80,192,282,310,266,212,245,86.4,0
180,80,195,282,311,265,214,245,85.71,0
180,80,197,282,313,263,215,246,85.0,0
180,80,200,282,314,262,217,247,84.32,0
180,80,200,282,315,260,219,247,84.32,0
180,80,203,288,317,259,221,248,83.62,0
180,80,205,288,318,257,223,248,82.96,0
180,80,208,288,319,256,225,249,82.27,0
180,80,210,287,320,254,227,249,81.62,0
180,80,210,287,322,253,229,250,81.62,0
180,80,213,287,323,251,231,250,80.94,0
180,80,215,287,326,248,233,251,80.31,0
180,80,217,286,327,247,235,251,79.63,0
180,80,219,293,328,245,237,252,79.63,0
180,80,221,293,330,243,239,252,79.02,0
180,80,223,292,331,242,241,253,78.36,0
180,80,224,292,332,240,242,253,78.09,0
180,80,226,291,333,239,244,254,77.51,0
180,80,226,291,335,237,246,254,77.51,0
180,80,229,291,336,236,248,255,76.86,0
180,80,231,290,336,237,250,255,76.29,0
180,80,233,290,336,237,252,256,75.64,0
180,80,233,290,334,236,254,257,75.64,0
180,80,235,289,336,236,256,257,75.09,0
180,80,238,289,336,237,258,258,74.46,0
180,80,240,288,334,236,260,258,73.92,0
180,80,238,281,334,237,262,259,73.92,0
180,80,240,281,332,236,264,259,73.3,0
180,80,242,280,332,237,266,260,72.78,0
180,80,244,279,330,235,268,260,72.17,0
180,80,244,279,330,236,269,261,72.17,0
180,80,246,279,330,237,271,261,71.67,0
180,80,248,278,330,239,273,262,71.07,0
180,80,249,278,329,241,275,262,70.58,0
180,80,247,271,329,243,277,263,70.58,0
180,80,248,271,329,245,279,263,70.28,0
180,80,250,270,329,247,281,264,69.81,0
180,80,251,269,328,249,283,264,69.23,0
180,80,251,269,328,251,285,265,69.23,0
180,80,253,269,328,255,287,266,68.77,0
180,80,255,268,327,257,289,266,68.2,0
180,80,252,261,327,259,291,267,68.2,0
180,80,254,261,327,261,293,267,67.75,0
180,80,255,260,327,263,295,268,67.31,0
180,80,257,260,326,265,296,268,66.76,0
180,80,257,260,326,267,298,269,66.76,0
180,80,258,259,326,271,300,269,66.34,0
180,80,260,258,325,273,302,270,65.8,0
180,80,311,286,325,273,332,240,57.59,1
180,80,261,258,325,273,304,270,65.39,0
180,80,312,286,325,273,333,239,57.3,1
180,80,310,279,325,273,335,237,56.87,1
180,80,261,258,327,272,306,271,65.39,0
180,80,311,278,327,272,336,236,56.59,1
180,80,263,257,329,271,306,271,64.86,0
180,80,264,256,331,270,307,269,64.46,0
180,80,266,256,333,269,309,268,63.95,0
180,80,269,262,333,269,310,266,63.82,0
180,80,268,255,333,269,311,265,63.31,0
180,80,272,260,334,268,313,263,62.93,0
180,80,273,259,334,268,314,262,62.44,0
180,80,275,259,334,268,315,260,62.07,0
180,80,276,258,334,268,317,259,61.59,0
180,80,318,282,334,268,334,236,55.54,1
180,80,281,264,336,267,318,257,61.24,0
180,80,282,263,336,267,319,256,60.76,0
180,80,287,268,336,267,320,254,60.42,0
180,80,320,280,336,267,334,237,55.05,1
180,80,288,268,338,266,322,253,60.09,0
180,80,293,273,338,266,323,251,59.63,0
180,80,297,278,340,265,324,250,59.31,0
180,80,324,278,340,265,336,237,53.99,1
180,80,297,278,341,265,326,248,59.31,0
180,80,303,283,341,265,327,247,58.86,0
180,80,325,277,341,265,334,236,53.64,1
180,80,307,289,343,264,328,245,58.55,0
180,80,308,288,343,264,330,243,58.32,0
180,80,327,275,343,264,334,237,53.13,1
180,80,313,293,345,263,331,242,58.02,0
180,80,334,278,349,261,332,237,52.06,1
180,80,333,270,349,261,330,235,51.18,1
180,80,318,290,348,261,336,237,56.59,0
180,80,335,269,348,261,330,236,50.62,1
180,80,332,262,348,261,330,237,50.1,1
180,80,320,289,347,261,336,237,56.1,0
180,80,333,261,347,261,330,237,49.73,1
180,80,325,285,347,261,336,236,54.7,0
180,80,333,261,347,261,330,239,49.73,1
180,80,331,254,347,261,329,241,49.01,1
180,80,332,253,345,260,329,243,48.64,1
180,80,329,246,345,260,329,245,48.11,1
180,80,337,285,343,260,332,236,52.57,0
180,80,331,244,343,260,329,247,47.38,1
180,80,332,243,341,259,328,249,47.01,1
180,80,339,247,337,259,328,251,46.47,1
180,80,340,246,335,258,328,253,46.1,1
180,80,342,244,333,258,328,255,45.37,1
180,80,343,243,331,257,327,257,45.0,1
180,80,342,243,329,257,327,259,45.18,1
180,80,342,243,327,257,327,261,45.18,1
180,80,342,243,325,256,327,263,45.18,1
180,80,357,259,317,255,326,265,45.37,0
180,80,356,259,315,254,326,267,45.55,0
180,80,358,258,313,254,326,269,45.0,0
180,80,357,258,311,254,326,271,45.18,0
180,80,357,259,309,253,325,273,45.37,0
180,80,356,259,307,253,325,273,45.55,0
180,80,360,265,303,252,327,272,45.74,0
180,80,360,266,301,252,329,271,45.93,0
180,80,360,266,299,251,331,270,45.93,0
180,80,360,266,298,251,333,269,45.94,0
180,80,359,266,296,251,334,268,46.12,0
180,80,358,267,294,250,336,267,46.31,0
180,80,358,267,292,250,338,266,46.31,0
180,80,357,268,290,249,340,265,46.67,0
180,80,357,268,288,249,341,265,46.67,0
180,80,355,270,284,248,343,264,47.22,0
180,80,354,271,282,248,345,263,47.57,0
180,80,348,267,280,248,347,262,47.92,0
180,80,347,268,278,247,349,261,48.26,0
180,80,293,231,278,247,331,257,53.08,1
180,80,346,269,274,246,348,261,48.79,0
180,80,344,270,272,246,347,261,49.12,0
180,80,339,266,270,246,347,261,49.45,0
180,80,338,267,268,245,345,260,49.78,0
180,80,335,269,264,244,343,260,50.61,0
180,80,334,270,262,244,341,259,50.92,0
180,80,329,265,258,243,339,259,51.23,0
180,80,327,266,256,243,337,259,51.72,0
180,80,325,268,252,242,335,258,52.31,0
180,80,324,269,250,242,333,258,52.61,0
180,80,320,263,246,241,329,257,52.56,0
180,80,326,267,246,241,327,257,52.04,0
180,80,328,266,245,241,325,256,51.52,0
180,80,329,264,245,241,323,256,51.01,0
180,80,332,262,243,240,321,256,50.16,0
180,80,334,261,243,240,319,255,49.65,0
180,80,340,265,241,240,317,255,49.14,0
180,80,342,263,241,240,315,254,48.46,0
180,80,344,261,239,239,313,254,47.96,0
180,80,345,260,237,239,311,254,47.46,0
180,80,347,259,237,239,309,253,46.96,0
180,80,346,260,233,238,307,253,47.3,0
180,80,346,260,231,238,305,253,47.3,0
180,80,345,260,229,238,303,252,47.49,0
180,80,344,261,227,237,301,252,47.84,0
180,80,338,257,227,237,299,251,48.39,0
180,80,336,258,229,237,298,251,48.75,0
180,80,336,259,231,236,296,251,48.95,0
180,80,335,260,231,237,294,250,49.32,0
180,80,328,256,233,240,292,250,49.91,0
180,80,327,257,234,241,290,249,50.29,0
180,80,326,258,235,243,288,249,50.52,0
180,80,325,259,236,245,286,249,50.91,0
180,80,323,260,238,248,284,248,51.54,0
180,80,318,256,239,250,282,248,51.94,0
180,80,317,256,241,253,280,248,52.19,0
180,80,314,258,242,255,278,247,53.02,0
180,80,313,259,245,258,276,247,53.29,0
180,80,312,260,246,260,274,246,53.72,0
180,80,315,267,247,262,272,246,54.15,0
180,80,264,249,248,263,239,239,63.43,1
180,80,312,268,249,265,270,246,54.87,0
180,80,262,249,249,265,237,239,64.0,1
180,80,311,269,251,269,268,245,55.17,0
180,80,264,256,251,269,235,239,64.43,1
180,80,311,270,252,270,266,245,55.39,0
180,80,262,257,252,270,233,238,65.0,1
180,80,309,271,253,272,264,244,55.85,0
180,80,261,258,253,272,231,238,65.58,1
180,80,257,259,253,272,229,238,66.63,1
180,80,307,272,251,271,262,244,56.62,0
180,80,256,260,251,271,227,237,67.1,1
180,80,254,261,249,271,227,237,67.71,1
180,80,250,255,249,271,229,236,68.01,1
180,80,309,279,247,270,260,244,56.94,0
180,80,249,255,247,270,229,237,68.51,1
180,80,308,280,246,269,258,243,57.42,0
180,80,247,256,246,269,231,236,69.13,1
180,80,245,257,244,268,231,237,69.64,1
180,80,306,281,242,268,256,243,57.9,0
180,80,245,257,242,268,232,238,69.64,1
180,80,243,257,240,267,233,240,70.28,1
180,80,239,252,240,267,234,241,70.92,1
180,80,303,283,238,266,254,243,58.74,0
180,80,237,252,238,266,235,243,71.46,1
180,80,237,252,236,266,236,245,71.46,1
180,80,301,284,234,265,252,242,59.24,0
180,80,235,253,234,265,237,246,72.11,1
180,80,300,285,232,264,250,242,59.59,0
180,80,233,253,232,264,238,248,72.77,1
180,80,233,253,230,264,239,250,72.77,1
180,80,298,286,229,263,248,241,60.11,0
180,80,232,254,229,263,240,252,73.33,1
180,80,230,247,229,263,241,253,73.33,1
180,80,232,246,227,262,242,255,72.56,1
180,80,295,288,225,262,246,241,61.0,0
180,80,232,246,225,262,243,257,72.56,1
180,80,232,247,223,261,245,258,72.67,1
180,80,293,289,221,260,245,241,61.53,0
180,80,234,246,221,260,246,260,71.9,1
180,80,234,246,219,260,247,262,71.9,1
180,80,295,296,217,259,243,240,61.93,0
180,80,234,246,217,259,248,263,72.0,1
180,80,290,291,214,257,241,240,62.47,0
180,80,245,279,157,237,249,265,71.78,0
180,80,246,279,155,236,250,267,71.67,0
180,80,246,279,155,237,251,269,71.67,0
180,80,244,272,156,234,252,270,71.46,0
180,80,244,272,156,235,253,272,71.35,0
180,80,245,272,156,236,253,272,71.25,0
180,80,245,271,156,237,251,271,71.05,0
180,80,246,271,158,233,249,271,70.95,0
180,80,246,271,158,234,247,270,70.86,0
180,80,247,271,158,235,246,269,70.58,0
180,80,247,271,158,236,244,268,70.49,0
180,80,248,271,158,237,242,268,70.41,0
180,80,249,270,159,232,240,267,69.94,0
180,80,250,270,159,233,238,266,69.79,0
180,80,250,270,159,234,236,266,69.62,0
180,80,250,270,159,235,234,265,69.55,0
180,80,251,270,159,236,232,264,69.48,0
180,80,249,263,159,237,230,264,69.25,0
180,80,249,263,158,233,229,263,69.18,0
180,80,249,263,158,234,227,262,69.18,0
180,80,248,263,158,235,225,262,69.61,0
180,80,174,219,158,235,157,237,92.11,1
180,80,246,264,158,236,223,261,70.14,0
180,80,244,265,158,237,221,260,70.75,0
180,80,172,226,158,237,155,236,92.83,1
180,80,243,265,160,234,219,260,71.2,0
180,80,175,247,160,234,159,237,91.4,1
180,80,170,226,160,234,155,237,93.53,1
180,80,170,219,160,234,156,234,93.91,1
180,80,239,259,160,235,217,259,71.75,0
180,80,237,259,160,235,215,258,72.21,0
180,80,168,219,160,235,156,235,94.65,1
180,80,236,260,160,236,214,257,72.68,0
180,80,232,261,160,237,212,257,73.73,0
180,80,166,226,160,237,156,236,95.36,1
180,80,231,261,162,234,210,256,74.22,0
180,80,164,226,162,234,156,237,96.1,1
180,80,163,218,162,234,158,233,96.86,1
180,80,229,262,162,235,208,255,74.8,0
180,80,228,262,162,236,206,255,75.01,0
180,80,160,225,162,236,158,234,97.62,1
180,80,225,256,162,237,204,254,75.52,0
180,80,222,257,162,237,202,253,76.64,0
180,80,158,225,162,237,158,235,98.33,1
180,80,220,257,160,234,200,253,77.17,0
180,80,156,225,160,234,158,236,99.1,1
180,80,157,218,160,234,158,237,99.05,1
180,80,218,257,160,235,199,252,77.77,0
180,80,216,258,160,236,197,251,78.32,0
180,80,157,225,160,236,159,232,98.86,1
180,80,215,258,160,237,195,251,78.88,0
180,80,157,225,160,237,159,233,98.8,1
180,80,214,258,158,233,193,250,79.13,0
180,80,157,225,158,233,159,234,98.75,1
180,80,158,218,158,233,159,235,98.69,1
180,80,209,252,158,234,191,249,80.33,0
180,80,208,259,158,234,189,249,80.91,0
180,80,160,218,158,234,159,236,98.18,1
180,80,206,260,158,235,187,248,81.55,0
180,80,204,260,158,236,185,247,82.15,0
180,80,159,225,158,236,159,237,98.13,1
180,80,202,260,158,237,184,246,82.75,0
180,80,159,225,158,237,158,233,98.08,1
180,80,200,253,156,233,182,246,83.41,0
180,80,159,225,156,233,158,234,98.03,1
180,80,160,218,156,233,158,235,97.98,1
180,80,199,253,156,234,180,245,83.7,0
180,80,160,218,156,234,158,236,97.87,1
180,80,197,254,156,235,178,244,84.32,0
180,80,195,254,156,236,176,244,84.99,0
180,80,159,225,156,236,158,237,97.82,1
180,80,193,261,156,237,174,243,85.63,0
180,80,160,225,156,237,160,234,97.77,1
180,80,189,261,158,232,172,242,86.95,0
180,80,160,225,158,232,160,235,97.72,1
180,80,161,218,158,232,160,236,97.67,1
180,80,187,254,158,233,170,242,87.61,0
180,80,161,218,158,233,160,237,97.62,1
180,80,185,254,158,234,169,241,88.29,0
180,80,160,218,158,234,162,234,98.18,1
180,80,184,254,158,235,167,240,88.62,0
180,80,182,261,158,236,165,240,89.31,0
180,80,159,225,158,236,162,235,98.13,1
180,80,180,262,158,237,163,239,90.0,0
180,80,159,225,158,237,162,236,98.08,1
180,80,177,254,156,232,161,238,90.7,0
180,80,159,225,156,232,162,237,98.03,1
180,80,160,218,156,232,160,234,97.98,1
180,80,161,218,156,233,160,235,97.4,1
180,80,162,218,156,234,160,236,97.35,1
180,80,161,225,156,236,160,237,97.31,1
180,80,161,225,156,237,158,233,97.26,1
180,80,162,226,158,232,158,234,96.67,1
180,80,163,219,158,232,158,235,96.62,1
180,80,163,219,158,233,158,236,96.58,1
180,80,164,219,158,234,158,237,96.54,1
180,80,161,225,158,236,156,233,97.4,1
180,80,161,225,158,237,156,234,97.35,1
180,80,161,225,156,231,156,235,97.31,1
180,80,162,218,156,231,156,236,97.26,1
180,80,160,218,156,232,156,237,98.18,1
180,80,160,218,156,233,158,232,98.13,1
180,80,160,218,156,234,158,233,98.08,1
180,80,159,225,156,236,158,234,98.03,1
180,80,159,225,156,237,158,235,97.98,1
180,80,157,225,154,231,158,236,98.91,1
180,80,158,218,154,231,158,237,98.86,1
180,80,158,218,154,232,156,232,98.8,1
180,80,158,218,154,233,156,233,98.75,1
180,80,158,218,154,234,156,234,98.69,1
180,80,158,225,154,236,156,235,98.24,1
180,80,159,225,154,237,156,236,98.18,1
180,80,159,225,155,230,156,237,98.13,1
180,80,160,218,155,230,158,232,98.08,1
180,80,160,218,155,231,158,233,98.03,1
180,80,160,218,155,232,158,234,97.98,1
180,80,158,218,155,233,158,235,98.97,1
180,80,158,218,155,234,158,236,98.91,1
180,80,157,225,155,236,158,237,98.86,1
180,80,157,225,155,237,156,231,98.8,1
180,80,157,225,153,231,156,232,98.75,1
180,80,158,218,153,231,156,233,98.69,1
180,80,159,218,153,232,156,234,98.24,1
180,80,160,218,153,233,156,235,98.18,1
180,80,160,218,153,234,156,236,98.13,1
180,80,159,225,153,236,156,237,98.08,1
180,80,159,225,153,237,154,231,98.03,1
180,80,159,225,154,233,154,232,97.98,1
180,80,158,218,154,233,154,233,99.03,1
180,80,158,218,154,234,154,234,98.97,1
180,80,157,225,154,236,154,235,98.91,1
180,80,157,225,154,237,154,236,98.86,1
180,80,157,225,152,234,154,237,98.8,1
180,80,158,218,152,234,155,230,98.69,1
180,80,157,225,152,236,155,231,98.69,1
180,80,155,224,152,237,155,232,99.77,1
180,80,155,224,150,234,155,233,99.71,1
180,80,156,218,150,234,155,234,99.64,1
180,80,155,224,150,236,155,235,99.58,1
180,80,155,224,150,237,155,236,99.52,1
180,80,155,225,151,235,155,237,99.46,1
180,80,155,225,151,236,153,231,99.4,1
180,80,155,225,151,237,153,232,99.46,1
180,80,155,225,152,234,153,233,99.4,1
180,80,157,218,152,234,153,234,99.34,1
180,80,156,225,152,236,153,235,99.28,1
180,80,156,225,152,237,153,236,99.22,1
180,80,156,225,150,234,153,237,99.22,1
180,80,157,218,150,234,154,233,99.1,1
180,80,156,225,150,236,154,234,99.05,1
180,80,154,224,150,237,154,235,100.14,1
180,80,154,224,148,233,154,236,100.07,1
180,80,155,217,148,233,154,237,100.01,1
180,80,154,224,148,235,152,234,99.94,1
180,80,154,224,148,236,152,235,99.88,1
180,80,154,224,148,237,152,236,99.82,1
180,80,154,224,147,232,152,237,99.82,1
180,80,156,218,147,232,150,234,99.64,1
180,80,156,218,147,233,150,235,99.58,1
180,80,156,218,147,234,150,236,99.58,1
180,80,155,224,147,236,150,237,99.52,1
180,80,155,225,147,237,151,235,99.4,1
180,80,155,225,149,233,151,236,99.4,1
180,80,154,217,149,233,151,237,100.3,1
180,80,154,224,149,235,152,234,100.18,1
180,80,154,224,149,236,152,235,100.11,1
180,80,151,224,149,237,152,236,101.02,1
